userId,segment,rating_count,avg_rating,unique_movies_rated
40334,Heavy,4,3.5,4
86438,Heavy,1,3.5,1
8919,Heavy,1,1.0,1
158277,Heavy,1,5.0,1
74261,Heavy,1,2.5,1
120723,Heavy,1,3.0,1
76957,Heavy,1,4.5,1
56032,Heavy,1,4.5,1
72315,Heavy,30,3.283333333333333,30
103277,Heavy,1,4.5,1
47583,Heavy,1,5.0,1
95371,Heavy,1,2.0,1
50174,Heavy,4,3.125,4
49460,Heavy,2,4.5,2
51016,Heavy,3,3.0,3
50504,Heavy,1,3.0,1
27550,Heavy,1,2.0,1
44424,Heavy,2,3.25,2
3503,Heavy,1,3.5,1
42104,Heavy,2,4.5,2
80425,Heavy,1,3.0,1
51219,Heavy,1,4.0,1
147165,Heavy,1,3.0,1
104955,Heavy,1,5.0,1
21059,Heavy,1,2.5,1
68456,Heavy,1,5.0,1
4156,Heavy,2,2.75,2
28169,Heavy,1,4.5,1
30083,Heavy,1,3.5,1
35094,Heavy,1,4.0,1
59393,Heavy,2,2.75,2
4631,Heavy,1,4.5,1
27466,Heavy,1,3.5,1
161291,Heavy,1,4.5,1
112745,Heavy,1,4.0,1
42778,Heavy,2,3.25,2
59200,Heavy,1,4.0,1
20354,Heavy,1,5.0,1
124048,Heavy,1,2.0,1
12552,Heavy,2,2.5,2
39864,Heavy,1,1.0,1
74905,Heavy,4,4.0,4
118569,Heavy,1,3.0,1
37635,Heavy,2,3.0,2
141220,Heavy,1,3.5,1
41201,Heavy,1,4.0,1
124772,Heavy,3,3.6666666666666665,3
151938,Heavy,2,3.25,2
58314,Heavy,1,2.0,1
69143,Heavy,1,4.0,1
78762,Heavy,1,3.5,1
85347,Heavy,2,3.5,2
153212,Heavy,2,3.0,2
128772,Heavy,1,5.0,1
144336,Heavy,1,4.0,1
94853,Heavy,1,3.0,1
31887,Heavy,1,3.0,1
142470,Heavy,2,3.75,2
131253,Heavy,2,2.25,2
113398,Heavy,1,4.0,1
68394,Heavy,1,0.5,1
4424,Heavy,1,4.0,1
11763,Heavy,1,4.5,1
135340,Heavy,1,3.5,1
3576,Heavy,1,5.0,1
31565,Heavy,1,5.0,1
159915,Heavy,1,4.0,1
435,Heavy,1,2.0,1
26767,Heavy,1,2.0,1
129209,Heavy,1,4.5,1
50065,Heavy,1,2.0,1
107871,Heavy,1,2.0,1
51040,Heavy,1,4.0,1
154737,Heavy,1,3.0,1
79544,Heavy,1,4.0,1
19177,Heavy,1,4.0,1
64970,Heavy,1,0.5,1
13888,Heavy,1,4.5,1
52969,Heavy,1,3.5,1
25108,Heavy,1,4.0,1
124451,Heavy,1,4.5,1
139554,Heavy,1,2.5,1
8024,Heavy,1,3.5,1
122221,Heavy,2,3.5,2
81789,Heavy,1,4.0,1
10797,Heavy,2,3.5,2
162431,Heavy,1,4.0,1
44825,Heavy,1,3.0,1
77472,Heavy,1,1.0,1
87804,Heavy,3,2.3333333333333335,3
99282,Heavy,1,3.5,1
121846,Heavy,1,4.0,1
74940,Heavy,1,2.5,1
81482,Heavy,1,2.0,1
94687,Heavy,1,3.5,1
69030,Heavy,4,3.0,4
26137,Heavy,2,3.25,2
28812,Heavy,3,2.8333333333333335,3
90557,Heavy,1,3.5,1
157751,Heavy,1,3.0,1
71960,Heavy,1,5.0,1
65317,Heavy,1,4.0,1
141912,Heavy,1,4.0,1
38828,Heavy,1,2.0,1
29893,Heavy,1,3.0,1
53146,Heavy,1,4.5,1
96805,Heavy,1,3.0,1
73248,Heavy,1,4.0,1
102386,Heavy,1,1.0,1
41449,Heavy,3,3.3333333333333335,3
141742,Heavy,1,4.0,1
149056,Heavy,1,1.0,1
57881,Heavy,1,3.5,1
155793,Heavy,1,5.0,1
153048,Heavy,1,3.5,1
152987,Heavy,1,1.0,1
60401,Heavy,1,2.5,1
59354,Heavy,1,5.0,1
4006,Heavy,2,4.5,2
59477,Heavy,2,3.25,2
148960,Heavy,2,3.0,2
126619,Heavy,1,3.0,1
70294,Heavy,1,4.0,1
59363,Heavy,2,3.75,2
115936,Heavy,1,4.0,1
98714,Heavy,1,3.5,1
94254,Heavy,1,3.0,1
124999,Heavy,1,4.0,1
132631,Heavy,1,3.0,1
37735,Heavy,2,4.5,2
87938,Heavy,1,4.0,1
31535,Heavy,1,5.0,1
85535,Heavy,1,5.0,1
88835,Heavy,1,3.0,1
73595,Heavy,1,4.5,1
29386,Heavy,1,1.5,1
66581,Heavy,1,4.5,1
125508,Heavy,1,4.0,1
38696,Heavy,1,1.0,1
28884,Heavy,1,4.5,1
157963,Heavy,1,3.0,1
105616,Heavy,1,2.0,1
74608,Heavy,3,3.6666666666666665,3
71191,Heavy,1,4.0,1
44080,Heavy,1,3.5,1
45991,Heavy,1,4.0,1
154277,Heavy,1,3.5,1
97131,Heavy,1,3.0,1
75220,Heavy,1,3.5,1
143370,Heavy,1,4.0,1
72536,Heavy,4,2.875,4
22958,Heavy,1,4.0,1
14810,Heavy,1,4.0,1
36618,Heavy,4,3.625,4
79938,Heavy,2,3.25,2
114920,Heavy,2,3.25,2
149144,Heavy,1,2.0,1
15208,Heavy,1,2.5,1
78309,Heavy,1,5.0,1
105666,Heavy,2,2.75,2
112853,Heavy,1,4.0,1
61613,Heavy,1,3.0,1
134926,Heavy,1,2.0,1
91880,Heavy,1,3.0,1
146442,Heavy,1,1.5,1
54071,Heavy,2,3.0,2
107293,Heavy,1,3.0,1
46828,Heavy,2,3.5,2
59471,Heavy,5,3.0,5
67192,Heavy,2,3.5,2
157915,Heavy,1,4.0,1
1158,Heavy,1,4.5,1
25469,Heavy,2,3.0,2
146336,Heavy,3,3.8333333333333335,3
53009,Heavy,1,2.5,1
120101,Heavy,1,3.0,1
128049,Heavy,1,3.5,1
29836,Heavy,2,4.5,2
5188,Heavy,1,5.0,1
68141,Heavy,1,4.0,1
19478,Heavy,1,4.0,1
102195,Heavy,1,1.5,1
22826,Heavy,1,5.0,1
64943,Heavy,1,4.0,1
103009,Heavy,1,4.0,1
139868,Heavy,1,4.0,1
71980,Heavy,1,4.0,1
42757,Heavy,1,4.0,1
27352,Heavy,1,4.0,1
83229,Heavy,1,4.5,1
14525,Heavy,1,3.0,1
125501,Heavy,1,2.0,1
104907,Heavy,1,4.5,1
46097,Heavy,1,4.0,1
9276,Heavy,1,3.5,1
54232,Heavy,2,3.25,2
14455,Heavy,1,4.5,1
6233,Heavy,1,2.5,1
148493,Heavy,1,4.5,1
134566,Heavy,1,5.0,1
139815,Heavy,1,4.0,1
115205,Heavy,1,5.0,1
28777,Heavy,1,3.5,1
162182,Heavy,1,3.0,1
27432,Heavy,1,4.0,1
155626,Heavy,1,1.0,1
64411,Heavy,1,4.5,1
21923,Heavy,1,3.5,1
42447,Heavy,2,4.0,2
50861,Heavy,1,4.0,1
56608,Heavy,1,5.0,1
80948,Heavy,1,0.5,1
42641,Heavy,1,3.0,1
2645,Heavy,1,4.0,1
16628,Heavy,1,4.0,1
69245,Heavy,1,4.5,1
35588,Heavy,1,3.0,1
7038,Heavy,1,3.5,1
67842,Heavy,1,3.5,1
32345,Heavy,1,4.5,1
5703,Heavy,1,4.5,1
50393,Heavy,1,3.0,1
42953,Heavy,1,4.0,1
6841,Heavy,1,5.0,1
27522,Heavy,1,4.0,1
27987,Heavy,1,1.0,1
28963,Heavy,1,3.5,1
67966,Heavy,2,3.0,2
122716,Heavy,1,5.0,1
78648,Heavy,1,2.5,1
29970,Heavy,1,3.0,1
71231,Heavy,1,3.5,1
51200,Heavy,1,2.0,1
74957,Heavy,1,3.5,1
3123,Heavy,1,4.0,1
156845,Heavy,1,4.0,1
43207,Heavy,1,5.0,1
123012,Heavy,1,4.5,1
67490,Heavy,1,2.0,1
92236,Heavy,1,3.0,1
83051,Heavy,1,3.0,1
71476,Heavy,1,4.0,1
33687,Heavy,1,4.0,1
144835,Heavy,1,4.0,1
149477,Heavy,1,4.0,1
126199,Heavy,1,4.0,1
11670,Heavy,1,2.0,1
81132,Heavy,1,3.0,1
74259,Heavy,1,3.5,1
153055,Heavy,1,5.0,1
3630,Heavy,1,4.0,1
19379,Heavy,3,3.6666666666666665,3
118882,Heavy,1,4.0,1
62575,Heavy,1,3.0,1
20396,Heavy,1,4.5,1
48670,Heavy,1,5.0,1
32658,Heavy,1,4.0,1
35684,Heavy,1,2.5,1
160376,Heavy,1,3.5,1
110841,Heavy,1,1.0,1
23106,Heavy,2,2.5,2
81176,Heavy,1,5.0,1
18898,Heavy,1,2.5,1
21457,Heavy,1,5.0,1
8239,Heavy,1,1.0,1
85011,Heavy,3,2.8333333333333335,3
116004,Heavy,2,3.5,2
81882,Heavy,1,5.0,1
151912,Heavy,1,1.5,1
103669,Heavy,1,3.5,1
96751,Heavy,1,3.0,1
41752,Heavy,1,3.0,1
110681,Heavy,1,3.5,1
39078,Heavy,1,3.5,1
131429,Heavy,3,1.8333333333333333,3
61624,Heavy,1,2.0,1
84743,Heavy,1,3.5,1
155025,Heavy,1,3.0,1
46053,Heavy,1,4.0,1
58667,Heavy,1,2.5,1
25082,Heavy,4,3.25,4
24600,Heavy,1,5.0,1
103929,Heavy,1,3.5,1
76017,Heavy,1,1.5,1
20734,Heavy,1,3.0,1
68085,Heavy,1,4.0,1
83979,Heavy,1,3.0,1
38928,Heavy,1,4.0,1
39323,Heavy,1,3.5,1
55148,Heavy,3,3.1666666666666665,3
19140,Heavy,1,4.0,1
33844,Heavy,8,3.3125,8
41404,Heavy,2,1.75,2
47490,Heavy,1,4.0,1
12899,Heavy,2,4.0,2
157878,Heavy,2,4.0,2
137752,Heavy,1,4.0,1
77687,Heavy,1,3.0,1
65841,Heavy,1,3.0,1
92280,Heavy,1,5.0,1
11127,Heavy,2,3.25,2
108479,Heavy,1,5.0,1
133872,Heavy,1,4.5,1
147434,Heavy,1,4.5,1
147993,Heavy,2,4.0,2
156615,Heavy,1,3.0,1
40193,Heavy,1,5.0,1
60322,Heavy,1,1.5,1
86786,Heavy,1,1.0,1
19976,Heavy,2,4.25,2
78616,Heavy,3,3.6666666666666665,3
59253,Heavy,2,4.5,2
33684,Heavy,2,3.0,2
2115,Heavy,1,4.5,1
124783,Heavy,1,3.5,1
13158,Heavy,1,4.0,1
144167,Heavy,1,3.5,1
17047,Heavy,2,3.75,2
10336,Heavy,1,1.0,1
73360,Heavy,3,3.0,3
148826,Heavy,1,1.5,1
111849,Heavy,2,4.0,2
64665,Heavy,1,5.0,1
72145,Heavy,1,5.0,1
24320,Heavy,1,3.5,1
84992,Heavy,1,3.5,1
47574,Heavy,1,3.0,1
12001,Heavy,1,4.5,1
151285,Heavy,1,4.5,1
48735,Heavy,1,3.5,1
110424,Heavy,1,3.0,1
116011,Heavy,1,3.0,1
18791,Heavy,1,5.0,1
79019,Heavy,2,1.5,2
77987,Heavy,2,3.0,2
37333,Heavy,1,4.5,1
89467,Heavy,1,2.0,1
25488,Heavy,1,3.0,1
44354,Heavy,3,3.1666666666666665,3
45063,Heavy,1,5.0,1
42984,Heavy,1,3.0,1
73381,Heavy,1,5.0,1
26150,Heavy,1,3.5,1
66869,Heavy,1,3.0,1
35625,Heavy,1,4.0,1
75829,Heavy,1,4.5,1
5846,Heavy,1,4.5,1
86590,Heavy,1,2.5,1
21543,Heavy,1,4.5,1
118390,Heavy,1,4.0,1
39602,Heavy,1,4.0,1
58007,Heavy,1,3.0,1
82692,Heavy,1,3.5,1
88238,Heavy,2,4.25,2
70678,Heavy,2,3.75,2
161762,Heavy,1,4.0,1
35824,Heavy,1,4.0,1
37143,Heavy,1,3.0,1
55828,Heavy,2,3.25,2
24641,Heavy,2,1.75,2
77038,Heavy,1,4.0,1
111075,Heavy,1,2.5,1
74109,Heavy,1,3.0,1
75284,Heavy,1,3.5,1
51078,Heavy,1,3.5,1
86420,Heavy,2,4.25,2
41849,Heavy,2,4.0,2
65928,Heavy,1,5.0,1
74043,Heavy,1,4.0,1
141420,Heavy,1,3.5,1
27111,Heavy,3,4.166666666666667,3
158855,Heavy,1,3.0,1
131164,Heavy,1,5.0,1
52939,Heavy,1,5.0,1
104226,Heavy,1,2.0,1
84146,Heavy,6,2.6666666666666665,6
541,Heavy,1,4.5,1
47558,Heavy,1,4.5,1
34511,Heavy,2,4.25,2
31776,Heavy,1,2.0,1
11587,Heavy,2,3.5,2
66475,Heavy,1,3.0,1
35090,Heavy,1,4.0,1
147196,Heavy,1,2.0,1
40914,Heavy,1,3.0,1
130649,Heavy,1,2.0,1
133607,Heavy,2,0.5,2
79858,Heavy,1,2.0,1
80326,Heavy,1,3.0,1
117549,Heavy,2,2.5,2
26484,Heavy,1,1.0,1
155511,Heavy,1,3.0,1
124838,Heavy,1,5.0,1
3484,Heavy,2,4.25,2
96265,Heavy,1,2.0,1
87076,Heavy,1,5.0,1
122869,Heavy,1,4.0,1
93751,Heavy,1,4.0,1
64901,Heavy,1,3.0,1
20055,Heavy,10,3.05,10
37756,Heavy,2,2.75,2
137100,Heavy,1,3.5,1
71098,Heavy,1,3.0,1
82970,Heavy,1,4.0,1
64786,Heavy,1,3.0,1
3394,Heavy,2,4.5,2
70361,Heavy,1,3.0,1
5742,Heavy,3,2.0,3
28704,Heavy,1,5.0,1
60057,Heavy,1,3.0,1
32010,Heavy,1,2.0,1
55615,Heavy,1,3.0,1
104438,Heavy,1,3.5,1
41185,Heavy,2,4.25,2
79178,Heavy,1,4.0,1
56336,Heavy,1,3.0,1
45004,Heavy,1,2.5,1
3029,Heavy,2,2.75,2
21178,Heavy,1,3.5,1
69647,Heavy,2,3.25,2
37213,Heavy,1,3.5,1
87510,Heavy,1,4.0,1
36883,Heavy,1,3.5,1
136825,Heavy,1,3.5,1
65356,Heavy,1,4.0,1
27094,Heavy,1,5.0,1
31944,Heavy,2,2.75,2
50883,Heavy,3,3.5,3
11305,Heavy,1,3.5,1
30432,Heavy,1,2.0,1
161165,Heavy,1,4.0,1
49403,Heavy,5,2.0,5
43480,Heavy,4,3.125,4
2765,Heavy,1,3.0,1
118666,Heavy,1,3.5,1
16377,Heavy,2,3.25,2
2523,Heavy,1,4.0,1
58668,Heavy,1,5.0,1
62405,Heavy,1,4.5,1
2315,Heavy,1,3.0,1
17069,Heavy,1,4.0,1
55507,Heavy,2,4.5,2
82893,Heavy,1,4.0,1
45593,Heavy,1,4.0,1
145944,Heavy,1,3.0,1
107607,Heavy,1,4.5,1
40333,Heavy,2,3.0,2
89795,Heavy,1,3.0,1
116906,Heavy,1,3.0,1
74387,Heavy,1,5.0,1
70758,Heavy,1,5.0,1
74130,Heavy,4,3.25,4
119208,Heavy,1,4.0,1
82247,Heavy,1,4.5,1
6657,Heavy,1,3.0,1
74295,Heavy,3,3.5,3
29495,Heavy,2,3.75,2
140748,Heavy,1,3.5,1
137293,Heavy,2,3.5,2
130276,Heavy,1,4.0,1
103988,Heavy,1,3.0,1
77468,Heavy,1,4.0,1
101418,Heavy,1,4.0,1
89860,Heavy,1,4.5,1
43091,Heavy,1,3.5,1
154222,Heavy,1,4.0,1
27304,Heavy,3,2.3333333333333335,3
118619,Heavy,1,5.0,1
3588,Heavy,1,5.0,1
71790,Heavy,1,2.0,1
4225,Heavy,1,5.0,1
29730,Heavy,1,3.0,1
135026,Heavy,1,3.0,1
116335,Heavy,1,4.0,1
30656,Heavy,1,3.0,1
123422,Heavy,1,3.5,1
98889,Heavy,2,4.0,2
77175,Heavy,1,4.0,1
93719,Heavy,2,3.0,2
10878,Heavy,1,2.5,1
8957,Heavy,1,2.5,1
54379,Heavy,1,0.5,1
39423,Heavy,1,4.0,1
113822,Heavy,3,3.0,3
98570,Heavy,1,5.0,1
116248,Heavy,1,3.0,1
95075,Heavy,2,4.0,2
68169,Heavy,3,2.6666666666666665,3
133122,Heavy,2,3.25,2
6331,Heavy,1,3.0,1
92084,Heavy,1,3.5,1
153786,Heavy,1,1.0,1
21534,Heavy,2,3.25,2
142417,Heavy,1,3.0,1
108077,Heavy,1,4.5,1
9026,Heavy,1,1.0,1
71436,Heavy,1,4.0,1
125773,Heavy,2,4.5,2
7878,Heavy,1,4.0,1
50882,Heavy,1,3.5,1
77163,Heavy,1,5.0,1
82411,Heavy,1,2.0,1
147126,Heavy,1,0.5,1
20198,Heavy,1,4.0,1
17429,Heavy,1,1.0,1
112759,Heavy,1,4.0,1
75593,Heavy,2,1.5,2
59555,Heavy,1,4.0,1
78112,Heavy,1,1.0,1
9331,Heavy,1,4.0,1
147292,Heavy,1,3.0,1
21274,Heavy,1,3.0,1
120129,Heavy,1,4.0,1
98916,Heavy,1,5.0,1
105806,Heavy,1,3.5,1
39442,Heavy,1,5.0,1
126937,Heavy,1,4.0,1
117148,Heavy,1,3.0,1
115383,Heavy,1,3.0,1
140838,Heavy,1,2.0,1
21320,Heavy,1,1.5,1
89721,Heavy,1,4.0,1
57413,Heavy,1,3.5,1
143654,Heavy,1,3.5,1
48173,Heavy,1,4.0,1
84470,Heavy,2,3.25,2
67024,Heavy,4,3.75,4
5999,Heavy,1,5.0,1
36542,Heavy,1,4.0,1
115272,Heavy,1,4.5,1
78584,Heavy,1,3.5,1
120015,Heavy,2,2.75,2
147300,Heavy,1,3.0,1
26495,Heavy,1,4.5,1
13410,Heavy,1,2.5,1
113339,Heavy,2,3.75,2
75764,Heavy,1,4.0,1
18306,Heavy,5,3.1,5
97726,Heavy,1,3.0,1
2341,Heavy,1,4.0,1
122132,Heavy,1,5.0,1
75830,Heavy,2,2.75,2
17409,Heavy,1,5.0,1
105169,Heavy,1,4.0,1
121730,Heavy,1,4.5,1
29998,Heavy,2,4.0,2
81271,Heavy,1,4.0,1
124882,Heavy,1,4.5,1
23635,Heavy,2,5.0,2
31271,Heavy,1,5.0,1
32074,Heavy,1,5.0,1
160540,Heavy,3,3.1666666666666665,3
19269,Heavy,1,3.0,1
74128,Heavy,1,4.5,1
31445,Heavy,1,4.0,1
25345,Heavy,1,4.0,1
21503,Heavy,1,4.5,1
51912,Heavy,1,4.0,1
22990,Heavy,1,5.0,1
46714,Heavy,1,4.0,1
65337,Heavy,1,4.0,1
75742,Heavy,1,4.0,1
4973,Heavy,2,3.0,2
25305,Heavy,1,3.0,1
23626,Heavy,1,3.5,1
5964,Heavy,1,5.0,1
144120,Heavy,1,1.5,1
152595,Heavy,1,0.5,1
84192,Heavy,1,1.0,1
66000,Heavy,1,5.0,1
28320,Heavy,1,4.0,1
49640,Heavy,1,3.0,1
56561,Heavy,2,4.0,2
640,Heavy,1,4.0,1
160436,Heavy,1,0.5,1
97997,Heavy,1,3.0,1
55025,Heavy,1,3.5,1
1501,Heavy,1,4.0,1
95051,Heavy,1,4.0,1
3256,Heavy,1,3.0,1
45157,Heavy,1,4.5,1
154947,Heavy,1,2.5,1
3128,Heavy,1,1.0,1
78013,Heavy,2,3.25,2
41003,Heavy,3,2.6666666666666665,3
46112,Heavy,2,2.75,2
32971,Heavy,1,5.0,1
115166,Heavy,1,2.0,1
14156,Heavy,1,5.0,1
27463,Heavy,2,3.25,2
150566,Heavy,1,5.0,1
125908,Heavy,2,4.5,2
68184,Heavy,1,3.0,1
13387,Heavy,1,4.5,1
4045,Heavy,1,4.0,1
40134,Heavy,1,2.0,1
35199,Heavy,4,3.875,4
77440,Heavy,1,4.5,1
148341,Heavy,1,4.0,1
55055,Heavy,1,5.0,1
161815,Heavy,1,3.5,1
69059,Heavy,1,2.0,1
12777,Heavy,2,3.5,2
133685,Heavy,1,4.5,1
149782,Heavy,2,3.5,2
20770,Heavy,1,2.5,1
10397,Heavy,2,3.0,2
127684,Heavy,1,5.0,1
69632,Heavy,2,2.0,2
7054,Heavy,2,4.75,2
86907,Heavy,3,4.0,3
45044,Heavy,1,5.0,1
156423,Heavy,1,4.5,1
80974,Heavy,7,3.2142857142857144,7
15105,Heavy,2,4.0,2
78860,Heavy,1,3.0,1
23069,Heavy,3,1.5,3
147294,Heavy,1,4.0,1
40814,Heavy,1,4.0,1
83698,Heavy,1,4.0,1
76221,Heavy,1,5.0,1
45856,Heavy,2,3.75,2
29943,Heavy,3,2.6666666666666665,3
118304,Heavy,1,1.5,1
79472,Heavy,1,4.0,1
37216,Heavy,1,4.0,1
93206,Heavy,1,5.0,1
92197,Heavy,1,4.0,1
126970,Heavy,2,3.75,2
7032,Heavy,1,3.0,1
50088,Heavy,2,2.5,2
37287,Heavy,4,3.625,4
8746,Heavy,1,4.5,1
44946,Heavy,1,4.0,1
66367,Heavy,1,3.0,1
10689,Heavy,1,4.0,1
707,Heavy,2,3.5,2
80914,Heavy,1,4.0,1
66789,Heavy,1,4.0,1
30525,Heavy,1,5.0,1
73875,Heavy,4,2.75,4
145883,Heavy,2,3.5,2
80225,Heavy,1,4.0,1
158622,Heavy,1,1.0,1
26692,Heavy,1,3.0,1
19494,Heavy,1,3.0,1
152562,Heavy,1,4.0,1
48928,Heavy,2,3.0,2
106606,Heavy,2,4.5,2
22200,Heavy,1,4.0,1
138308,Heavy,1,3.0,1
83508,Heavy,1,2.0,1
119416,Heavy,2,2.5,2
137734,Heavy,2,3.25,2
33897,Heavy,1,5.0,1
42448,Heavy,1,5.0,1
154840,Heavy,1,3.0,1
157182,Heavy,1,4.0,1
53940,Heavy,2,2.5,2
73044,Heavy,1,4.0,1
72976,Heavy,2,4.0,2
11292,Heavy,1,5.0,1
44246,Heavy,1,4.0,1
80265,Heavy,2,3.25,2
92495,Heavy,1,2.0,1
97908,Heavy,1,5.0,1
85875,Heavy,1,3.5,1
137116,Heavy,1,3.0,1
130309,Heavy,1,3.0,1
34520,Heavy,1,5.0,1
77597,Heavy,1,5.0,1
60673,Heavy,1,1.0,1
60810,Heavy,2,3.5,2
7498,Heavy,1,4.0,1
138697,Heavy,1,2.0,1
160418,Heavy,2,3.5,2
157289,Heavy,1,2.0,1
34450,Heavy,1,5.0,1
84843,Heavy,1,3.5,1
118698,Heavy,1,3.0,1
160289,Heavy,1,1.5,1
53252,Heavy,1,2.0,1
29803,Heavy,3,2.3333333333333335,3
57362,Heavy,1,3.5,1
11979,Heavy,1,4.0,1
123262,Heavy,1,4.0,1
159757,Heavy,1,3.0,1
98503,Heavy,1,4.0,1
81795,Heavy,1,4.5,1
55145,Heavy,1,2.5,1
78068,Heavy,1,1.0,1
102284,Heavy,1,2.0,1
161157,Heavy,1,0.5,1
56282,Heavy,4,2.875,4
146737,Heavy,1,5.0,1
87530,Heavy,1,5.0,1
102872,Heavy,1,4.0,1
130097,Heavy,2,3.5,2
89025,Heavy,1,4.0,1
14343,Heavy,1,4.0,1
3937,Heavy,1,3.0,1
82839,Heavy,1,4.0,1
20761,Heavy,1,5.0,1
86837,Heavy,1,5.0,1
47259,Heavy,1,3.0,1
111273,Heavy,1,4.0,1
46205,Heavy,2,4.75,2
32943,Heavy,1,5.0,1
127647,Heavy,1,2.5,1
45993,Heavy,1,0.5,1
9835,Heavy,2,3.0,2
133761,Heavy,1,2.5,1
63867,Heavy,1,4.0,1
42032,Heavy,3,3.5,3
130509,Heavy,1,4.0,1
84550,Heavy,1,1.0,1
136241,Heavy,1,2.0,1
145691,Heavy,1,4.5,1
125590,Heavy,1,5.0,1
70627,Heavy,2,4.5,2
143544,Heavy,1,4.5,1
78421,Heavy,1,4.0,1
46610,Heavy,1,4.5,1
19092,Heavy,1,4.0,1
106498,Heavy,1,4.0,1
114316,Heavy,1,3.0,1
82816,Heavy,1,3.0,1
65900,Heavy,1,5.0,1
73024,Heavy,1,5.0,1
161634,Heavy,1,5.0,1
60305,Heavy,5,3.2,5
144308,Heavy,1,1.0,1
16945,Heavy,2,4.0,2
22100,Heavy,1,3.0,1
35844,Heavy,1,4.0,1
41437,Heavy,2,4.0,2
134093,Heavy,1,3.0,1
34334,Heavy,5,2.6,5
78438,Heavy,1,5.0,1
116281,Heavy,1,4.5,1
64018,Heavy,1,4.0,1
142012,Heavy,1,5.0,1
146697,Heavy,1,4.0,1
9174,Heavy,1,4.0,1
13254,Heavy,1,4.0,1
67150,Heavy,1,1.0,1
13068,Heavy,1,3.5,1
55584,Heavy,1,5.0,1
44767,Heavy,1,3.5,1
26189,Heavy,1,4.0,1
4095,Heavy,1,3.0,1
20958,Heavy,1,5.0,1
24507,Heavy,1,3.0,1
121496,Heavy,1,3.0,1
15972,Heavy,1,0.5,1
70318,Heavy,1,4.5,1
58999,Heavy,1,2.0,1
27355,Heavy,1,4.0,1
81825,Heavy,1,0.5,1
87168,Heavy,1,3.5,1
519,Heavy,1,4.0,1
38152,Heavy,1,3.5,1
15965,Heavy,1,4.5,1
82304,Heavy,1,0.5,1
97064,Heavy,1,3.0,1
31435,Heavy,1,4.5,1
32778,Heavy,1,3.0,1
57396,Heavy,2,3.0,2
9397,Heavy,1,1.0,1
83249,Heavy,1,4.0,1
87310,Heavy,1,3.0,1
125928,Heavy,1,2.0,1
4658,Heavy,1,4.0,1
87186,Heavy,1,4.0,1
23276,Heavy,1,4.0,1
121493,Heavy,3,3.1666666666666665,3
32563,Heavy,1,5.0,1
21590,Heavy,2,2.5,2
72437,Heavy,2,3.75,2
120065,Heavy,1,5.0,1
18960,Heavy,1,3.0,1
139175,Heavy,1,3.0,1
1748,Heavy,4,2.625,4
17716,Heavy,3,3.8333333333333335,3
12517,Heavy,2,0.75,2
92624,Heavy,1,3.5,1
10280,Heavy,1,3.0,1
74054,Heavy,1,3.0,1
161327,Heavy,1,3.5,1
63923,Heavy,1,4.0,1
120357,Heavy,1,5.0,1
145672,Heavy,1,4.0,1
71344,Heavy,2,2.5,2
116583,Heavy,1,4.5,1
16386,Heavy,1,3.0,1
7261,Heavy,1,5.0,1
23818,Heavy,1,2.0,1
36535,Heavy,1,2.0,1
127262,Heavy,1,2.0,1
76177,Heavy,1,4.0,1
161287,Heavy,1,4.0,1
30697,Heavy,1,3.0,1
6811,Heavy,1,4.0,1
106683,Heavy,1,3.0,1
68128,Heavy,1,4.5,1
103443,Heavy,1,4.5,1
8951,Heavy,1,4.0,1
82836,Heavy,2,3.25,2
113512,Heavy,1,3.0,1
87276,Heavy,1,4.5,1
124042,Heavy,1,4.0,1
54050,Heavy,1,4.0,1
89464,Heavy,3,2.8333333333333335,3
11573,Heavy,1,4.0,1
12798,Heavy,1,4.5,1
42496,Heavy,3,3.0,3
95007,Heavy,1,3.5,1
48246,Heavy,1,5.0,1
42155,Heavy,1,2.5,1
94409,Heavy,2,4.0,2
27402,Heavy,1,3.0,1
63653,Heavy,3,3.0,3
19242,Heavy,1,5.0,1
1977,Heavy,3,3.8333333333333335,3
55445,Heavy,1,3.0,1
59720,Heavy,1,5.0,1
36881,Heavy,1,4.0,1
82176,Heavy,1,5.0,1
54430,Heavy,1,2.5,1
141098,Heavy,1,3.0,1
5807,Heavy,1,3.0,1
115143,Heavy,1,5.0,1
65631,Heavy,1,4.0,1
17927,Heavy,1,1.0,1
55986,Heavy,1,5.0,1
87271,Heavy,1,4.5,1
43914,Heavy,1,5.0,1
18863,Heavy,1,4.0,1
158953,Heavy,1,3.5,1
53442,Heavy,1,4.0,1
70986,Heavy,1,2.5,1
63214,Heavy,1,5.0,1
89861,Heavy,1,4.0,1
14378,Heavy,1,4.0,1
154695,Heavy,1,4.0,1
74532,Heavy,2,2.0,2
111595,Heavy,1,4.0,1
15993,Heavy,1,2.5,1
81433,Heavy,1,4.0,1
91493,Heavy,1,4.0,1
17763,Heavy,1,2.0,1
55042,Heavy,1,4.5,1
144076,Heavy,1,4.0,1
149732,Heavy,3,3.3333333333333335,3
86034,Heavy,1,1.0,1
30450,Heavy,1,4.0,1
66328,Heavy,1,3.5,1
84595,Heavy,1,3.5,1
11017,Heavy,1,3.0,1
20643,Heavy,1,4.0,1
485,Heavy,1,2.0,1
114212,Heavy,1,4.0,1
111610,Heavy,2,3.25,2
86489,Heavy,1,2.5,1
75940,Heavy,1,4.0,1
41132,Heavy,1,4.0,1
69129,Heavy,1,4.5,1
4728,Heavy,1,4.0,1
145148,Heavy,1,4.0,1
19711,Heavy,1,5.0,1
162012,Heavy,1,5.0,1
69864,Heavy,1,3.0,1
27763,Heavy,1,4.0,1
44033,Heavy,1,4.5,1
96397,Heavy,1,2.0,1
44514,Heavy,1,5.0,1
100706,Heavy,2,3.0,2
93096,Heavy,2,4.0,2
113740,Heavy,1,4.0,1
144398,Heavy,1,4.0,1
57813,Heavy,3,2.5,3
130407,Heavy,1,3.0,1
21347,Heavy,1,4.0,1
4741,Heavy,1,4.0,1
102000,Heavy,2,3.5,2
52197,Heavy,1,4.5,1
61351,Heavy,1,3.5,1
41888,Heavy,1,4.0,1
51315,Heavy,1,5.0,1
13366,Heavy,1,4.0,1
152196,Heavy,1,3.5,1
36884,Heavy,1,4.0,1
82033,Heavy,1,4.0,1
143831,Heavy,1,1.5,1
157468,Heavy,2,4.5,2
98755,Heavy,1,2.0,1
117657,Heavy,1,1.0,1
1103,Heavy,1,5.0,1
135022,Heavy,1,5.0,1
20499,Heavy,1,4.0,1
101590,Heavy,1,4.5,1
141261,Heavy,1,3.0,1
73396,Heavy,1,4.0,1
39604,Heavy,1,4.0,1
13438,Heavy,2,5.0,2
5872,Heavy,1,4.0,1
30668,Heavy,1,5.0,1
141218,Heavy,1,3.0,1
131831,Heavy,1,3.0,1
135141,Heavy,2,3.75,2
61762,Heavy,2,2.5,2
9405,Heavy,1,5.0,1
6834,Heavy,1,3.0,1
59475,Heavy,1,4.0,1
48297,Heavy,2,4.25,2
67682,Heavy,1,4.0,1
65863,Heavy,1,4.0,1
101228,Heavy,1,3.0,1
150979,Heavy,1,4.0,1
43845,Heavy,1,4.0,1
13755,Heavy,2,1.25,2
148433,Heavy,1,4.0,1
15707,Heavy,1,4.5,1
47370,Heavy,2,4.0,2
111389,Heavy,1,5.0,1
108119,Heavy,1,4.5,1
159827,Heavy,1,3.0,1
110016,Heavy,1,4.0,1
149775,Heavy,1,3.5,1
115017,Heavy,1,4.0,1
83094,Heavy,1,1.0,1
156728,Heavy,1,3.5,1
548,Heavy,1,3.5,1
82221,Heavy,1,4.5,1
110006,Heavy,1,4.0,1
29393,Heavy,1,2.0,1
18183,Heavy,1,5.0,1
76091,Heavy,1,4.0,1
47854,Heavy,1,5.0,1
100731,Heavy,2,3.0,2
39069,Heavy,1,3.0,1
105516,Heavy,1,4.0,1
2878,Heavy,2,4.5,2
118670,Heavy,1,3.0,1
42030,Heavy,1,4.0,1
19117,Heavy,1,3.5,1
148282,Heavy,1,1.0,1
63739,Heavy,1,3.0,1
39861,Heavy,2,3.5,2
71500,Heavy,1,1.0,1
74434,Heavy,1,4.0,1
77527,Heavy,1,4.5,1
31567,Heavy,1,4.0,1
3646,Heavy,1,4.0,1
83243,Heavy,1,4.5,1
158109,Heavy,3,2.8333333333333335,3
128779,Heavy,1,2.5,1
42434,Heavy,1,2.0,1
115912,Heavy,2,3.5,2
74780,Heavy,1,5.0,1
267,Heavy,2,4.0,2
89241,Heavy,3,3.6666666666666665,3
45438,Heavy,1,3.5,1
150927,Heavy,1,2.5,1
83139,Heavy,1,4.0,1
26579,Heavy,1,0.5,1
68354,Heavy,1,3.0,1
30028,Heavy,3,3.5,3
68694,Heavy,2,4.5,2
10150,Heavy,1,5.0,1
31831,Heavy,1,2.0,1
45901,Heavy,1,5.0,1
48646,Heavy,1,3.5,1
8062,Heavy,1,4.0,1
11714,Heavy,1,2.0,1
84516,Heavy,2,4.0,2
65072,Heavy,1,3.0,1
26983,Heavy,3,3.0,3
73530,Heavy,1,5.0,1
29772,Heavy,1,5.0,1
81593,Heavy,2,3.0,2
49314,Heavy,1,1.5,1
60571,Heavy,1,2.0,1
69247,Heavy,1,2.0,1
4125,Heavy,1,1.5,1
10673,Heavy,1,3.0,1
96132,Heavy,1,5.0,1
44194,Heavy,3,2.0,3
50127,Heavy,1,4.0,1
37228,Heavy,1,3.0,1
73756,Heavy,1,2.0,1
67079,Heavy,1,2.0,1
84891,Heavy,1,5.0,1
144878,Heavy,1,4.0,1
98227,Heavy,1,4.0,1
87734,Heavy,1,4.5,1
33427,Heavy,3,2.6666666666666665,3
16936,Heavy,3,3.8333333333333335,3
30111,Heavy,3,4.333333333333333,3
62337,Heavy,1,3.0,1
41608,Heavy,4,2.875,4
18588,Heavy,2,2.75,2
32427,Heavy,1,5.0,1
40510,Heavy,2,3.0,2
117286,Heavy,2,2.25,2
19834,Heavy,1,3.0,1
48647,Heavy,1,4.5,1
85431,Heavy,1,3.0,1
113417,Heavy,1,4.0,1
77649,Heavy,1,4.5,1
88941,Heavy,1,4.0,1
111311,Heavy,1,2.5,1
81018,Heavy,1,3.5,1
152728,Heavy,1,4.0,1
76447,Heavy,1,2.5,1
31799,Heavy,1,3.5,1
47983,Heavy,2,3.75,2
22437,Heavy,1,4.0,1
128039,Heavy,1,4.0,1
78849,Heavy,3,3.0,3
80201,Heavy,1,2.0,1
34236,Heavy,1,4.0,1
76303,Heavy,1,4.0,1
45123,Heavy,1,3.5,1
158172,Heavy,1,0.5,1
148876,Heavy,1,4.0,1
50435,Heavy,1,5.0,1
46245,Heavy,1,5.0,1
133898,Heavy,1,5.0,1
56483,Heavy,1,3.0,1
38768,Heavy,4,3.375,4
39332,Heavy,1,3.0,1
42690,Heavy,1,4.0,1
135581,Heavy,1,0.5,1
61010,Heavy,5,2.2,5
52075,Heavy,1,4.0,1
79121,Heavy,1,3.0,1
107815,Heavy,1,3.0,1
14433,Heavy,1,4.0,1
51828,Heavy,2,3.5,2
132078,Heavy,1,3.5,1
25524,Heavy,3,4.166666666666667,3
80780,Heavy,1,2.0,1
39084,Heavy,2,4.0,2
121026,Heavy,1,5.0,1
146152,Heavy,1,3.0,1
145263,Heavy,1,3.0,1
158459,Heavy,1,3.5,1
31027,Heavy,2,3.5,2
30701,Heavy,1,3.0,1
27377,Heavy,1,5.0,1
7790,Heavy,1,4.5,1
81983,Heavy,2,4.0,2
47594,Heavy,1,4.5,1
83771,Heavy,1,3.0,1
47708,Heavy,1,2.0,1
134109,Heavy,3,2.0,3
159878,Heavy,1,4.0,1
38414,Heavy,1,3.0,1
73949,Heavy,3,3.1666666666666665,3
11966,Heavy,1,4.0,1
143118,Heavy,2,2.25,2
76829,Heavy,1,5.0,1
1013,Heavy,1,5.0,1
11605,Heavy,1,4.0,1
62606,Heavy,1,3.0,1
34329,Heavy,1,3.0,1
50499,Heavy,1,4.5,1
99575,Heavy,2,3.25,2
4246,Heavy,2,2.25,2
19567,Heavy,1,4.5,1
10425,Heavy,1,4.0,1
132777,Heavy,2,4.25,2
37544,Heavy,1,3.5,1
110684,Heavy,1,2.5,1
151945,Heavy,1,3.0,1
161251,Heavy,1,1.0,1
21096,Heavy,2,3.0,2
89567,Heavy,1,2.0,1
85596,Heavy,1,3.5,1
48348,Heavy,3,3.6666666666666665,3
8818,Heavy,1,4.5,1
77322,Heavy,1,3.0,1
67286,Heavy,1,3.0,1
139909,Heavy,1,3.5,1
107834,Heavy,1,5.0,1
82994,Heavy,1,3.5,1
104486,Heavy,1,3.5,1
57061,Heavy,1,3.5,1
56969,Heavy,1,3.0,1
45660,Heavy,2,2.75,2
101369,Heavy,1,4.5,1
109602,Heavy,1,4.0,1
158408,Heavy,1,4.0,1
49501,Heavy,1,2.5,1
82249,Heavy,1,4.0,1
78443,Heavy,1,4.0,1
74571,Heavy,1,5.0,1
58088,Heavy,1,4.0,1
145710,Heavy,1,4.0,1
7531,Heavy,1,3.5,1
3127,Heavy,1,3.5,1
27780,Heavy,1,3.0,1
34528,Heavy,1,5.0,1
141654,Heavy,1,5.0,1
37962,Heavy,1,3.5,1
98094,Heavy,1,4.5,1
145436,Heavy,1,3.5,1
42305,Heavy,1,4.5,1
6810,Heavy,3,3.0,3
34004,Heavy,1,2.0,1
53397,Heavy,1,4.0,1
50269,Heavy,1,4.5,1
82524,Heavy,1,4.5,1
70681,Heavy,1,5.0,1
93529,Heavy,1,5.0,1
67195,Heavy,1,3.0,1
95593,Heavy,1,5.0,1
73033,Heavy,1,3.0,1
7999,Heavy,1,4.0,1
42378,Heavy,3,4.333333333333333,3
58491,Heavy,1,4.5,1
722,Heavy,1,4.5,1
45867,Heavy,1,4.0,1
4583,Heavy,1,3.0,1
104398,Heavy,2,4.0,2
73903,Heavy,2,3.0,2
70890,Heavy,1,5.0,1
47126,Heavy,1,3.0,1
66991,Heavy,1,5.0,1
30309,Heavy,2,1.75,2
47974,Heavy,1,3.0,1
36658,Heavy,1,3.5,1
8103,Heavy,1,5.0,1
39775,Heavy,1,4.5,1
27477,Heavy,2,3.0,2
76792,Heavy,1,3.0,1
46125,Heavy,1,4.0,1
4579,Heavy,1,4.0,1
44127,Heavy,1,4.0,1
101947,Heavy,1,4.5,1
152522,Heavy,1,4.0,1
32368,Heavy,3,3.1666666666666665,3
100577,Heavy,2,4.0,2
88003,Heavy,1,3.5,1
134408,Heavy,2,4.0,2
80028,Heavy,1,3.0,1
60655,Heavy,2,2.75,2
36016,Heavy,1,3.0,1
13134,Heavy,3,2.8333333333333335,3
151983,Heavy,1,5.0,1
45161,Heavy,2,4.75,2
142386,Heavy,1,3.0,1
145292,Heavy,1,4.0,1
36454,Heavy,1,4.0,1
147687,Heavy,1,4.0,1
29288,Heavy,3,4.0,3
27592,Heavy,1,5.0,1
90695,Heavy,1,5.0,1
66597,Heavy,1,3.0,1
113737,Heavy,1,2.0,1
36463,Heavy,2,4.0,2
97452,Heavy,1,4.0,1
118959,Heavy,1,1.5,1
141951,Heavy,1,5.0,1
101181,Heavy,1,4.0,1
3757,Heavy,1,4.0,1
72495,Heavy,1,4.5,1
5413,Heavy,3,4.0,3
59203,Heavy,2,4.5,2
98791,Heavy,1,4.5,1
16444,Heavy,2,1.0,2
137431,Heavy,1,5.0,1
67700,Heavy,1,1.5,1
77855,Heavy,3,3.0,3
108564,Heavy,1,3.0,1
150005,Heavy,3,3.3333333333333335,3
154727,Heavy,1,3.5,1
132520,Heavy,1,3.0,1
50490,Heavy,1,3.5,1
153889,Heavy,1,3.5,1
13416,Heavy,1,5.0,1
9411,Heavy,1,4.0,1
68382,Heavy,1,3.5,1
140351,Heavy,1,5.0,1
18678,Heavy,2,1.25,2
140031,Heavy,1,4.0,1
71030,Heavy,2,4.0,2
127666,Heavy,1,5.0,1
107914,Heavy,1,3.0,1
12150,Heavy,1,4.0,1
66856,Heavy,1,4.0,1
109168,Heavy,1,2.0,1
81403,Heavy,2,4.0,2
4532,Heavy,2,4.0,2
45394,Heavy,3,2.6666666666666665,3
3831,Heavy,1,1.0,1
67799,Heavy,1,3.5,1
72539,Heavy,1,4.0,1
38426,Heavy,1,5.0,1
160286,Heavy,1,1.0,1
159534,Heavy,1,4.5,1
55035,Heavy,1,3.0,1
42614,Heavy,3,3.0,3
133247,Heavy,1,4.0,1
34943,Heavy,1,4.5,1
18188,Heavy,2,3.75,2
65858,Heavy,3,4.0,3
127677,Heavy,1,1.0,1
140251,Heavy,2,3.75,2
146144,Heavy,2,2.0,2
104249,Heavy,2,4.75,2
75089,Heavy,1,4.0,1
13442,Heavy,2,3.75,2
96350,Heavy,1,3.0,1
149353,Heavy,1,4.0,1
105607,Heavy,1,3.0,1
7584,Heavy,1,4.0,1
160897,Heavy,1,3.0,1
10623,Heavy,3,2.3333333333333335,3
69787,Heavy,2,3.0,2
84481,Heavy,1,1.5,1
81566,Heavy,2,3.25,2
42183,Heavy,1,3.0,1
53547,Heavy,1,4.5,1
55487,Heavy,1,2.5,1
133231,Heavy,1,5.0,1
84307,Heavy,1,4.0,1
54894,Heavy,1,1.0,1
69546,Heavy,1,4.5,1
32464,Heavy,1,4.0,1
145332,Heavy,1,5.0,1
4952,Heavy,1,5.0,1
70645,Heavy,1,0.5,1
120842,Heavy,1,3.0,1
42760,Heavy,1,4.5,1
36619,Heavy,2,4.75,2
23863,Heavy,1,4.0,1
50094,Heavy,1,4.0,1
77509,Heavy,1,3.5,1
49531,Heavy,1,3.0,1
115494,Heavy,1,3.0,1
71547,Heavy,2,3.25,2
65123,Heavy,1,3.0,1
35930,Heavy,1,3.0,1
28517,Heavy,1,5.0,1
54421,Heavy,1,3.0,1
35357,Heavy,1,2.5,1
97378,Heavy,1,3.0,1
80127,Heavy,1,3.0,1
133823,Heavy,1,3.5,1
45977,Heavy,1,3.0,1
69511,Heavy,1,4.5,1
109710,Heavy,1,5.0,1
65545,Heavy,1,5.0,1
63963,Heavy,1,3.0,1
150028,Heavy,2,2.75,2
86042,Heavy,1,1.5,1
99533,Heavy,1,4.0,1
34754,Heavy,1,3.5,1
74623,Heavy,1,4.0,1
18023,Heavy,3,4.0,3
140402,Heavy,1,3.0,1
80275,Heavy,2,4.25,2
11563,Heavy,1,2.0,1
20574,Heavy,1,4.5,1
4019,Heavy,3,2.8333333333333335,3
125003,Heavy,1,5.0,1
52099,Heavy,1,3.5,1
160219,Heavy,2,3.75,2
13358,Heavy,1,3.0,1
18500,Heavy,1,3.0,1
132131,Heavy,1,4.0,1
37951,Heavy,1,4.0,1
156720,Heavy,1,3.5,1
33054,Heavy,3,4.333333333333333,3
82917,Heavy,1,4.5,1
85253,Heavy,1,3.0,1
16550,Heavy,1,5.0,1
70029,Heavy,1,3.0,1
14106,Heavy,1,5.0,1
151304,Heavy,1,4.0,1
7168,Heavy,1,4.5,1
150476,Heavy,1,3.0,1
28409,Heavy,1,4.5,1
34146,Heavy,1,1.0,1
19363,Heavy,1,4.0,1
5717,Heavy,1,3.0,1
49502,Heavy,1,5.0,1
7764,Heavy,1,4.0,1
158473,Heavy,1,3.0,1
11228,Heavy,1,3.0,1
77475,Heavy,1,4.0,1
43938,Heavy,1,3.0,1
11327,Heavy,1,2.0,1
120949,Heavy,1,3.0,1
148489,Heavy,3,4.166666666666667,3
81926,Heavy,1,3.0,1
66626,Heavy,1,3.5,1
76479,Heavy,1,4.5,1
9153,Heavy,1,3.0,1
65112,Heavy,1,3.0,1
1870,Heavy,1,1.0,1
24651,Heavy,1,2.0,1
21087,Heavy,2,1.5,2
64094,Heavy,1,5.0,1
4872,Heavy,2,5.0,2
104705,Heavy,2,3.25,2
103010,Heavy,1,2.0,1
32619,Heavy,1,2.5,1
91661,Heavy,1,5.0,1
29851,Heavy,1,4.0,1
87353,Heavy,1,1.5,1
8450,Heavy,1,5.0,1
59273,Heavy,1,2.5,1
149590,Heavy,1,4.0,1
52052,Heavy,2,3.5,2
100651,Heavy,1,5.0,1
65431,Heavy,1,4.0,1
82905,Heavy,1,4.5,1
76433,Heavy,4,3.0,4
8338,Heavy,1,2.0,1
82088,Heavy,1,2.0,1
78983,Heavy,1,5.0,1
12166,Heavy,1,3.0,1
26485,Heavy,1,5.0,1
109428,Heavy,1,3.0,1
60791,Heavy,1,3.5,1
46002,Heavy,1,1.0,1
13552,Heavy,1,5.0,1
60824,Heavy,2,3.5,2
135678,Heavy,1,1.5,1
77424,Heavy,1,3.5,1
107068,Heavy,1,1.0,1
23387,Heavy,2,4.5,2
16513,Heavy,1,1.0,1
108312,Heavy,1,1.0,1
47062,Heavy,1,5.0,1
141557,Heavy,2,3.75,2
62209,Heavy,1,0.5,1
86493,Heavy,1,3.0,1
81506,Heavy,2,1.5,2
88784,Heavy,1,4.0,1
8396,Heavy,2,4.0,2
11114,Heavy,1,3.0,1
6058,Heavy,1,3.0,1
113333,Heavy,1,4.0,1
45100,Heavy,2,1.0,2
147116,Heavy,1,4.5,1
1800,Heavy,1,2.5,1
118700,Heavy,2,3.0,2
91257,Heavy,1,4.0,1
71218,Heavy,1,4.0,1
80214,Heavy,1,3.0,1
224,Heavy,1,4.0,1
17160,Heavy,1,3.5,1
47038,Heavy,1,3.0,1
41204,Heavy,2,4.0,2
59056,Heavy,1,4.0,1
7070,Heavy,1,2.0,1
71278,Heavy,1,4.0,1
122803,Heavy,1,4.0,1
50791,Heavy,1,5.0,1
27851,Heavy,3,3.1666666666666665,3
144631,Heavy,1,3.5,1
42780,Heavy,2,2.5,2
26577,Heavy,1,4.0,1
138996,Heavy,1,4.5,1
16453,Heavy,1,4.0,1
24072,Heavy,1,5.0,1
9526,Heavy,1,4.5,1
69339,Heavy,1,4.0,1
115620,Heavy,1,4.5,1
47016,Heavy,1,4.0,1
22213,Heavy,2,3.0,2
157306,Heavy,1,2.5,1
32392,Heavy,1,3.5,1
136949,Heavy,2,2.75,2
88258,Heavy,1,3.5,1
82004,Heavy,1,4.0,1
30829,Heavy,1,3.0,1
19156,Heavy,1,3.5,1
58940,Heavy,1,3.0,1
20202,Heavy,1,4.0,1
72122,Heavy,1,4.0,1
66922,Heavy,1,2.5,1
87763,Heavy,1,4.0,1
145525,Heavy,1,4.0,1
63848,Heavy,1,5.0,1
106094,Heavy,1,3.0,1
142516,Heavy,1,5.0,1
31531,Heavy,1,3.5,1
47861,Heavy,1,3.0,1
143694,Heavy,1,5.0,1
28674,Heavy,2,3.75,2
47863,Heavy,1,5.0,1
64936,Heavy,2,3.5,2
4524,Heavy,1,5.0,1
90316,Heavy,1,3.0,1
55236,Heavy,2,3.5,2
39918,Heavy,1,4.5,1
68778,Heavy,1,4.0,1
13930,Heavy,1,4.0,1
25383,Heavy,1,3.5,1
111848,Heavy,1,5.0,1
55290,Heavy,1,5.0,1
102114,Heavy,1,4.0,1
32179,Heavy,2,3.75,2
45945,Heavy,1,5.0,1
130151,Heavy,1,4.0,1
71813,Heavy,1,4.0,1
17474,Heavy,3,2.8333333333333335,3
160587,Heavy,1,3.0,1
105928,Heavy,1,3.0,1
30714,Heavy,1,1.5,1
64941,Heavy,1,5.0,1
29527,Heavy,1,3.0,1
105356,Heavy,1,3.0,1
37060,Heavy,1,5.0,1
46629,Heavy,1,3.0,1
148035,Heavy,1,4.0,1
74229,Heavy,1,4.0,1
126399,Heavy,1,3.5,1
1447,Heavy,1,4.0,1
18911,Heavy,1,3.0,1
67740,Heavy,3,2.6666666666666665,3
49331,Heavy,1,4.0,1
30769,Heavy,1,4.0,1
56261,Heavy,1,3.0,1
31171,Heavy,1,5.0,1
31533,Heavy,2,2.25,2
56638,Heavy,2,1.5,2
107019,Heavy,1,3.5,1
37439,Heavy,1,2.0,1
57946,Heavy,3,3.8333333333333335,3
83598,Heavy,1,4.0,1
39583,Heavy,2,2.0,2
42112,Heavy,1,3.5,1
58815,Heavy,1,3.5,1
84490,Heavy,2,3.5,2
113161,Heavy,1,5.0,1
155934,Heavy,1,1.0,1
3710,Heavy,1,3.5,1
10363,Heavy,1,4.0,1
111029,Heavy,1,1.5,1
6999,Heavy,1,4.0,1
2429,Heavy,1,3.0,1
123467,Heavy,1,3.0,1
3133,Heavy,1,3.0,1
62117,Heavy,2,3.75,2
17662,Heavy,1,4.0,1
87044,Heavy,1,3.5,1
39688,Heavy,1,5.0,1
49839,Heavy,2,3.75,2
9801,Heavy,1,4.0,1
78607,Heavy,2,4.5,2
150905,Heavy,1,5.0,1
26573,Heavy,1,4.0,1
119926,Heavy,1,3.5,1
1652,Heavy,3,3.8333333333333335,3
14847,Heavy,1,5.0,1
24343,Heavy,1,5.0,1
120018,Heavy,1,4.0,1
34358,Heavy,1,4.0,1
42634,Heavy,1,5.0,1
114350,Heavy,3,3.0,3
20988,Heavy,1,5.0,1
35646,Heavy,1,3.5,1
133183,Heavy,1,3.0,1
17680,Heavy,1,5.0,1
66214,Heavy,5,3.2,5
36815,Heavy,1,4.5,1
111956,Heavy,1,5.0,1
57281,Heavy,1,4.0,1
41350,Heavy,1,3.5,1
144556,Heavy,1,4.5,1
128110,Heavy,3,3.1666666666666665,3
159932,Heavy,4,3.5,4
125250,Heavy,1,5.0,1
76099,Heavy,2,4.25,2
72644,Heavy,1,3.0,1
156781,Heavy,1,3.0,1
83779,Heavy,1,4.0,1
84822,Heavy,2,3.75,2
132790,Heavy,1,4.0,1
40944,Heavy,2,2.5,2
107224,Heavy,1,3.0,1
18900,Heavy,1,4.0,1
70869,Heavy,1,3.5,1
51665,Heavy,1,4.0,1
32753,Heavy,2,0.75,2
113166,Heavy,2,2.5,2
2577,Heavy,1,3.0,1
69020,Heavy,2,4.25,2
134171,Heavy,2,3.5,2
91264,Heavy,1,5.0,1
142761,Heavy,1,4.0,1
113231,Heavy,1,4.5,1
13961,Heavy,2,2.25,2
51087,Heavy,1,4.0,1
46981,Heavy,1,1.0,1
34935,Heavy,1,3.5,1
16939,Heavy,1,4.0,1
39162,Heavy,1,4.0,1
7334,Heavy,1,4.0,1
75696,Heavy,1,4.0,1
91317,Heavy,1,3.5,1
22186,Heavy,1,4.5,1
16803,Heavy,1,5.0,1
36885,Heavy,1,3.0,1
19008,Heavy,1,3.5,1
8032,Heavy,1,5.0,1
159234,Heavy,1,4.5,1
57929,Heavy,1,4.0,1
14815,Heavy,1,2.0,1
65275,Heavy,1,2.5,1
68563,Heavy,1,5.0,1
52497,Heavy,1,4.5,1
126108,Heavy,1,3.5,1
130203,Heavy,2,4.0,2
32063,Heavy,4,4.125,4
121826,Heavy,1,4.0,1
66095,Heavy,1,3.5,1
9992,Heavy,1,3.0,1
61285,Heavy,1,4.0,1
82208,Heavy,1,4.0,1
105562,Heavy,1,4.0,1
2393,Heavy,1,3.0,1
11608,Heavy,1,4.0,1
80634,Heavy,2,5.0,2
15078,Heavy,1,3.0,1
67798,Heavy,1,5.0,1
76576,Heavy,1,5.0,1
26583,Heavy,1,5.0,1
161724,Heavy,1,3.5,1
75493,Heavy,1,4.0,1
109850,Heavy,1,4.0,1
95618,Heavy,1,4.5,1
33357,Heavy,1,2.0,1
11760,Heavy,1,3.0,1
126409,Heavy,1,4.0,1
97610,Heavy,1,4.0,1
109013,Heavy,1,3.5,1
145515,Heavy,1,5.0,1
15247,Heavy,2,2.25,2
96654,Heavy,1,3.0,1
47153,Heavy,4,1.5,4
44258,Heavy,2,2.25,2
107430,Heavy,1,0.5,1
26139,Heavy,2,3.5,2
47915,Heavy,1,3.0,1
75158,Heavy,1,5.0,1
45625,Heavy,1,3.0,1
25456,Heavy,1,3.0,1
44563,Heavy,1,4.0,1
10967,Heavy,1,5.0,1
139429,Heavy,1,3.5,1
29822,Heavy,1,4.5,1
76383,Heavy,1,5.0,1
137072,Heavy,1,3.0,1
122104,Heavy,1,1.0,1
22691,Heavy,1,4.5,1
26672,Heavy,3,2.0,3
49734,Heavy,2,4.0,2
54693,Heavy,1,4.0,1
27425,Heavy,2,3.5,2
30988,Heavy,1,3.5,1
2448,Heavy,2,4.0,2
71628,Heavy,1,3.5,1
91688,Heavy,1,3.0,1
45599,Heavy,2,2.75,2
73693,Heavy,1,5.0,1
67601,Heavy,1,3.5,1
72530,Heavy,1,3.0,1
126225,Heavy,2,3.5,2
140965,Heavy,1,4.0,1
41487,Heavy,2,3.5,2
93024,Heavy,1,4.0,1
57518,Heavy,1,4.0,1
12457,Heavy,1,5.0,1
36100,Heavy,1,4.0,1
19054,Heavy,1,4.0,1
160119,Heavy,1,4.0,1
100996,Heavy,3,2.6666666666666665,3
34630,Heavy,1,5.0,1
21164,Heavy,1,1.0,1
16686,Heavy,1,3.0,1
126376,Heavy,1,4.0,1
15241,Heavy,1,3.5,1
4325,Heavy,2,3.25,2
137061,Heavy,1,3.0,1
56248,Heavy,1,3.5,1
27117,Heavy,1,4.0,1
5312,Heavy,1,5.0,1
136146,Heavy,1,4.0,1
83415,Heavy,1,3.0,1
133560,Heavy,1,5.0,1
4280,Heavy,2,3.0,2
69421,Heavy,1,4.0,1
58159,Heavy,2,3.75,2
145350,Heavy,1,3.5,1
65078,Heavy,1,3.0,1
87558,Heavy,2,2.5,2
77512,Heavy,2,2.5,2
8964,Heavy,2,4.0,2
100533,Heavy,1,2.5,1
40922,Heavy,1,4.0,1
106287,Heavy,1,3.5,1
24694,Heavy,2,1.5,2
28115,Heavy,1,1.5,1
24993,Heavy,1,5.0,1
72929,Heavy,1,4.5,1
61502,Heavy,1,3.0,1
82556,Heavy,1,4.5,1
69480,Heavy,1,4.0,1
82573,Heavy,1,5.0,1
73268,Heavy,3,1.0,3
134966,Heavy,1,4.0,1
95053,Heavy,1,1.0,1
116429,Heavy,1,3.5,1
130271,Heavy,1,3.5,1
1254,Heavy,1,4.5,1
25046,Heavy,1,5.0,1
162508,Heavy,1,5.0,1
57762,Heavy,1,5.0,1
54933,Heavy,1,3.0,1
100348,Heavy,1,4.0,1
132735,Heavy,1,5.0,1
132912,Heavy,1,3.0,1
82394,Heavy,1,4.0,1
3991,Heavy,1,3.0,1
51179,Heavy,1,3.0,1
5166,Heavy,1,5.0,1
49925,Heavy,1,4.0,1
127721,Heavy,1,5.0,1
123786,Heavy,2,2.5,2
113960,Heavy,1,2.0,1
28627,Heavy,1,5.0,1
53761,Heavy,1,4.0,1
114646,Heavy,3,3.5,3
134241,Heavy,1,3.5,1
125316,Heavy,1,2.0,1
40596,Heavy,1,4.0,1
19715,Heavy,1,2.0,1
160430,Heavy,2,3.0,2
3356,Heavy,1,5.0,1
78544,Heavy,2,4.0,2
85207,Heavy,1,4.5,1
115742,Heavy,1,4.0,1
162479,Heavy,1,4.0,1
68567,Heavy,1,4.0,1
29310,Heavy,1,1.0,1
30375,Heavy,1,3.5,1
160393,Heavy,1,2.0,1
106548,Heavy,1,3.5,1
113359,Heavy,1,4.5,1
72588,Heavy,1,3.5,1
161948,Heavy,1,2.5,1
36315,Heavy,1,5.0,1
129769,Heavy,2,2.75,2
100691,Heavy,2,3.25,2
26996,Heavy,1,4.0,1
80345,Heavy,1,5.0,1
60024,Heavy,1,4.0,1
61286,Heavy,1,3.0,1
33130,Heavy,1,3.0,1
129440,Heavy,2,5.0,2
10034,Heavy,1,5.0,1
85677,Heavy,1,4.0,1
9391,Heavy,2,3.0,2
61222,Heavy,1,4.0,1
98387,Heavy,1,5.0,1
48995,Heavy,2,3.25,2
45794,Heavy,1,3.0,1
141279,Heavy,1,3.5,1
39147,Heavy,1,3.0,1
30698,Heavy,1,5.0,1
74079,Heavy,1,3.5,1
97948,Heavy,2,3.5,2
123063,Heavy,1,4.5,1
47231,Heavy,2,4.5,2
49247,Heavy,1,3.0,1
106781,Heavy,1,2.0,1
36926,Heavy,2,3.5,2
42735,Heavy,3,4.166666666666667,3
101507,Heavy,1,5.0,1
135713,Heavy,1,3.0,1
75735,Heavy,1,5.0,1
158036,Heavy,1,4.0,1
87990,Heavy,1,3.0,1
1857,Heavy,1,4.0,1
84940,Heavy,1,3.0,1
45115,Heavy,1,5.0,1
140219,Heavy,1,4.0,1
151492,Heavy,1,4.0,1
132399,Heavy,1,4.5,1
115470,Heavy,2,4.0,2
105624,Heavy,1,1.5,1
36402,Heavy,1,3.0,1
106866,Heavy,1,4.0,1
13244,Heavy,1,3.0,1
54508,Heavy,1,2.0,1
29342,Heavy,2,2.75,2
69638,Heavy,1,3.0,1
99698,Heavy,1,4.5,1
52845,Heavy,1,4.5,1
72248,Heavy,1,4.0,1
113226,Heavy,1,3.5,1
30913,Heavy,1,2.5,1
70225,Heavy,1,5.0,1
43172,Heavy,1,2.5,1
133288,Heavy,1,4.0,1
24645,Heavy,1,3.0,1
16826,Heavy,1,4.5,1
28587,Heavy,1,3.5,1
5462,Heavy,1,3.0,1
123780,Heavy,1,2.0,1
133190,Heavy,1,4.0,1
67648,Heavy,1,4.0,1
37760,Heavy,1,3.5,1
95898,Heavy,1,3.0,1
29304,Heavy,1,5.0,1
78729,Heavy,2,4.0,2
78672,Heavy,1,3.0,1
153836,Heavy,1,3.0,1
16123,Heavy,1,3.0,1
11678,Heavy,1,1.5,1
124978,Heavy,2,2.0,2
100584,Heavy,1,1.0,1
73922,Heavy,1,3.0,1
142717,Heavy,1,5.0,1
81631,Heavy,3,3.6666666666666665,3
42022,Heavy,1,3.5,1
38615,Heavy,1,4.0,1
60139,Heavy,1,2.5,1
56925,Heavy,1,4.0,1
49078,Heavy,2,3.0,2
136013,Heavy,1,3.0,1
88310,Heavy,1,5.0,1
38600,Heavy,1,3.5,1
12960,Heavy,1,3.5,1
116447,Heavy,1,3.5,1
85813,Heavy,1,3.5,1
44181,Heavy,1,3.0,1
76515,Heavy,1,4.0,1
9925,Heavy,1,3.0,1
6238,Heavy,1,4.0,1
67077,Heavy,1,5.0,1
143405,Heavy,1,2.5,1
21683,Heavy,2,4.5,2
141877,Heavy,2,4.25,2
41884,Heavy,1,5.0,1
55462,Heavy,4,3.625,4
16411,Heavy,1,4.0,1
26960,Heavy,1,2.0,1
22308,Heavy,1,1.0,1
56860,Heavy,2,3.25,2
135319,Heavy,1,2.0,1
89186,Heavy,1,4.5,1
56114,Heavy,2,4.0,2
113425,Heavy,1,3.0,1
37679,Heavy,1,3.0,1
121071,Heavy,1,4.0,1
99991,Heavy,1,2.5,1
62524,Heavy,2,3.0,2
8977,Heavy,1,5.0,1
102540,Heavy,1,3.0,1
23613,Heavy,1,3.5,1
23395,Heavy,1,3.0,1
87776,Heavy,2,2.5,2
86440,Heavy,1,5.0,1
57329,Heavy,1,2.5,1
86339,Heavy,2,3.0,2
21311,Heavy,1,3.0,1
38846,Heavy,1,3.5,1
62069,Heavy,1,3.0,1
32253,Heavy,2,3.75,2
65234,Heavy,1,3.0,1
58299,Heavy,1,4.5,1
83134,Heavy,2,3.0,2
48084,Heavy,1,3.0,1
910,Heavy,3,4.0,3
77079,Heavy,1,4.0,1
148759,Heavy,1,5.0,1
53692,Heavy,1,3.0,1
70971,Heavy,1,4.0,1
17453,Heavy,1,5.0,1
51061,Heavy,1,2.0,1
48855,Heavy,1,4.0,1
88496,Heavy,1,2.0,1
6771,Heavy,1,4.0,1
146461,Heavy,1,3.5,1
54742,Heavy,2,4.0,2
23772,Heavy,2,3.5,2
126719,Heavy,1,4.0,1
59398,Heavy,3,1.5,3
35797,Heavy,2,2.5,2
55673,Heavy,1,4.0,1
42956,Heavy,1,3.5,1
6588,Heavy,1,2.0,1
117271,Heavy,1,3.5,1
16580,Heavy,1,5.0,1
37774,Heavy,1,0.5,1
64371,Heavy,1,2.0,1
160129,Heavy,1,4.5,1
72298,Heavy,1,4.0,1
16464,Heavy,1,3.0,1
74583,Heavy,1,4.0,1
88797,Heavy,1,0.5,1
30509,Heavy,2,1.75,2
4182,Heavy,1,4.0,1
8184,Heavy,1,3.5,1
60614,Heavy,1,3.0,1
149271,Heavy,1,2.5,1
161242,Heavy,2,2.75,2
18205,Heavy,2,3.0,2
85429,Heavy,2,3.0,2
15883,Heavy,1,4.0,1
87419,Heavy,1,2.5,1
55405,Heavy,4,3.875,4
111730,Heavy,1,4.0,1
3442,Heavy,1,3.0,1
123836,Heavy,1,4.0,1
21833,Heavy,1,4.0,1
40126,Heavy,1,3.0,1
86609,Heavy,2,3.5,2
14641,Heavy,1,5.0,1
34781,Heavy,1,3.5,1
116400,Heavy,1,1.0,1
60422,Heavy,2,4.5,2
139897,Heavy,1,4.5,1
50330,Heavy,1,3.5,1
150726,Heavy,1,3.0,1
118616,Heavy,1,3.0,1
146498,Heavy,1,4.5,1
60675,Heavy,2,3.0,2
14437,Heavy,1,3.0,1
72744,Heavy,1,5.0,1
64865,Heavy,1,4.0,1
14083,Heavy,1,3.0,1
110936,Heavy,1,4.0,1
9108,Heavy,1,0.5,1
28817,Heavy,1,1.5,1
2850,Heavy,2,3.75,2
127429,Heavy,1,4.5,1
3009,Heavy,1,1.0,1
82730,Heavy,3,3.6666666666666665,3
11737,Heavy,1,3.0,1
60079,Heavy,2,3.5,2
69933,Heavy,2,2.0,2
15794,Heavy,1,2.5,1
36476,Heavy,2,4.5,2
24266,Heavy,1,4.5,1
41749,Heavy,1,3.0,1
70221,Heavy,1,1.5,1
136359,Heavy,1,3.0,1
23881,Heavy,1,2.0,1
68323,Heavy,1,4.0,1
141472,Heavy,1,4.0,1
81688,Heavy,1,3.5,1
67625,Heavy,1,3.0,1
37651,Heavy,1,5.0,1
6964,Heavy,1,3.5,1
39904,Heavy,1,3.0,1
92016,Heavy,1,5.0,1
65758,Heavy,1,5.0,1
51977,Heavy,1,3.5,1
122754,Heavy,1,2.5,1
8810,Heavy,1,3.0,1
54975,Heavy,4,2.25,4
98263,Heavy,1,4.5,1
20408,Heavy,1,1.0,1
102697,Heavy,1,5.0,1
88536,Heavy,2,3.25,2
40044,Heavy,1,3.0,1
59594,Heavy,1,3.0,1
30024,Heavy,3,3.1666666666666665,3
45353,Heavy,1,3.5,1
1855,Heavy,1,4.0,1
38670,Heavy,1,4.0,1
61863,Heavy,1,0.5,1
153382,Heavy,2,3.5,2
62048,Heavy,1,2.5,1
21278,Heavy,1,2.0,1
143421,Heavy,1,2.5,1
75080,Heavy,1,2.0,1
43090,Heavy,2,3.5,2
51628,Heavy,1,4.0,1
159900,Heavy,1,2.5,1
9539,Heavy,3,3.8333333333333335,3
1920,Heavy,2,3.5,2
116618,Heavy,1,3.5,1
101672,Heavy,1,2.5,1
28639,Heavy,1,5.0,1
155234,Heavy,1,4.0,1
98421,Heavy,1,2.0,1
51808,Heavy,1,3.0,1
134163,Heavy,1,4.0,1
21913,Heavy,1,4.0,1
49629,Heavy,2,2.75,2
146585,Heavy,1,4.0,1
136113,Heavy,1,3.0,1
63515,Heavy,2,3.75,2
86742,Heavy,2,4.0,2
86282,Heavy,1,3.5,1
157533,Heavy,1,2.5,1
21781,Heavy,1,3.5,1
8042,Heavy,1,2.0,1
12836,Heavy,1,5.0,1
143189,Heavy,1,4.5,1
159882,Heavy,1,5.0,1
57163,Heavy,1,2.0,1
53826,Heavy,1,4.0,1
91315,Heavy,2,3.75,2
6707,Heavy,2,2.75,2
85733,Heavy,1,3.0,1
69273,Heavy,1,4.0,1
96972,Heavy,1,4.5,1
83820,Heavy,1,3.0,1
99452,Heavy,1,4.0,1
3769,Heavy,1,3.0,1
62681,Heavy,1,5.0,1
85308,Heavy,1,5.0,1
42267,Heavy,1,4.0,1
49406,Heavy,1,2.0,1
45230,Heavy,1,2.0,1
103756,Heavy,2,3.5,2
151449,Heavy,2,3.5,2
86890,Heavy,2,2.25,2
142982,Heavy,1,3.5,1
125141,Heavy,1,4.5,1
158971,Heavy,1,5.0,1
13144,Heavy,1,3.5,1
88766,Heavy,1,2.0,1
60294,Heavy,1,4.5,1
4801,Heavy,1,4.0,1
144258,Heavy,1,3.5,1
56496,Heavy,1,3.0,1
161928,Heavy,1,4.0,1
108936,Heavy,1,1.0,1
62199,Heavy,1,2.5,1
99757,Heavy,1,1.0,1
87932,Heavy,3,4.333333333333333,3
23267,Heavy,1,2.5,1
79652,Heavy,1,2.5,1
30512,Heavy,1,2.0,1
10919,Heavy,1,0.5,1
102623,Heavy,1,5.0,1
117447,Heavy,1,1.5,1
49586,Heavy,1,4.0,1
64213,Heavy,2,2.0,2
33307,Heavy,1,3.0,1
116958,Heavy,2,3.0,2
13260,Heavy,1,4.0,1
120132,Heavy,1,2.5,1
16232,Heavy,1,4.0,1
26135,Heavy,2,3.75,2
122743,Heavy,1,5.0,1
111443,Heavy,1,4.0,1
79275,Heavy,1,4.0,1
89613,Heavy,1,3.0,1
22574,Heavy,1,2.5,1
7739,Heavy,1,3.5,1
68801,Heavy,1,0.5,1
16658,Heavy,1,5.0,1
67637,Heavy,1,4.0,1
119427,Heavy,3,3.8333333333333335,3
35074,Heavy,1,3.0,1
64618,Heavy,1,0.5,1
1428,Heavy,1,3.0,1
97983,Heavy,1,4.0,1
81571,Heavy,1,4.0,1
74897,Heavy,1,5.0,1
90147,Heavy,1,1.0,1
75001,Heavy,2,4.5,2
128123,Heavy,1,4.0,1
161215,Heavy,1,4.0,1
2271,Heavy,1,3.5,1
146503,Heavy,1,2.0,1
30878,Heavy,1,4.0,1
76386,Heavy,2,3.0,2
114328,Heavy,1,4.0,1
9063,Heavy,1,3.0,1
30112,Heavy,2,2.75,2
62276,Heavy,1,0.5,1
64389,Heavy,1,5.0,1
83066,Heavy,1,1.0,1
53082,Heavy,1,4.5,1
76874,Heavy,2,2.25,2
153254,Heavy,1,4.0,1
144769,Heavy,1,3.0,1
34884,Heavy,1,3.0,1
29351,Heavy,1,4.0,1
93076,Heavy,1,1.0,1
78952,Heavy,1,2.0,1
56515,Heavy,1,5.0,1
19757,Heavy,1,3.0,1
104213,Heavy,1,4.0,1
139248,Heavy,1,5.0,1
91814,Heavy,1,4.0,1
81125,Heavy,1,4.0,1
73900,Heavy,1,4.5,1
77718,Heavy,1,4.0,1
150055,Heavy,1,3.5,1
89829,Heavy,1,2.0,1
105671,Heavy,1,5.0,1
14597,Heavy,2,3.5,2
100219,Heavy,1,3.0,1
135632,Heavy,1,4.0,1
45500,Heavy,1,5.0,1
31079,Heavy,2,1.0,2
145540,Heavy,1,3.0,1
15555,Heavy,2,3.5,2
154020,Heavy,1,3.5,1
71574,Heavy,1,4.0,1
41072,Heavy,1,4.0,1
38920,Heavy,1,4.0,1
16289,Heavy,2,3.25,2
61315,Heavy,1,4.0,1
145919,Heavy,1,5.0,1
59110,Heavy,1,4.0,1
51238,Heavy,3,4.333333333333333,3
37030,Heavy,1,3.0,1
35644,Heavy,1,5.0,1
134363,Heavy,1,4.0,1
45983,Heavy,1,5.0,1
30264,Heavy,1,5.0,1
2264,Heavy,1,2.5,1
103844,Heavy,1,4.0,1
46135,Heavy,1,5.0,1
31395,Heavy,2,3.0,2
11052,Heavy,1,5.0,1
108701,Heavy,1,5.0,1
112240,Heavy,1,2.0,1
85605,Heavy,3,4.333333333333333,3
151076,Heavy,2,3.0,2
94352,Heavy,1,3.5,1
110576,Heavy,1,4.0,1
94334,Heavy,2,3.25,2
60715,Heavy,1,3.0,1
1822,Heavy,1,4.0,1
115334,Heavy,1,4.5,1
18643,Heavy,1,3.5,1
11690,Heavy,1,4.0,1
20196,Heavy,1,4.0,1
17941,Heavy,2,3.75,2
81808,Heavy,1,2.0,1
16061,Heavy,1,4.0,1
131399,Heavy,1,2.5,1
54489,Heavy,1,3.5,1
79786,Heavy,1,4.0,1
124823,Heavy,1,3.0,1
680,Heavy,1,5.0,1
41728,Heavy,1,3.0,1
154623,Heavy,1,4.0,1
113670,Heavy,2,4.0,2
130402,Heavy,1,4.0,1
27385,Heavy,2,3.5,2
91850,Heavy,1,5.0,1
131838,Heavy,1,5.0,1
77466,Heavy,1,2.5,1
18870,Heavy,1,3.0,1
6015,Heavy,1,5.0,1
54507,Heavy,2,3.0,2
25439,Heavy,1,4.0,1
63237,Heavy,1,4.0,1
79247,Heavy,1,3.0,1
65658,Heavy,1,1.5,1
16225,Heavy,1,3.0,1
39644,Heavy,1,5.0,1
145367,Heavy,1,3.0,1
61714,Heavy,1,3.0,1
1168,Heavy,2,4.25,2
25589,Heavy,1,3.5,1
123026,Heavy,1,3.5,1
56180,Heavy,1,4.5,1
79180,Heavy,1,3.5,1
44000,Heavy,1,3.0,1
90192,Heavy,1,4.0,1
112668,Heavy,1,4.0,1
151614,Heavy,1,4.0,1
76590,Heavy,1,0.5,1
17352,Heavy,2,3.75,2
13471,Heavy,1,4.5,1
25302,Heavy,1,3.5,1
43032,Heavy,1,3.0,1
26461,Heavy,2,3.25,2
66718,Heavy,1,3.0,1
142023,Heavy,1,3.5,1
67349,Heavy,1,1.5,1
67969,Heavy,2,3.5,2
7490,Heavy,1,2.5,1
88852,Heavy,1,4.5,1
66141,Heavy,3,4.0,3
111423,Heavy,1,4.5,1
24471,Heavy,2,3.5,2
51265,Heavy,1,3.5,1
146650,Heavy,1,4.5,1
32922,Heavy,1,3.5,1
22638,Heavy,1,3.0,1
3623,Heavy,1,4.0,1
34811,Heavy,2,2.75,2
45529,Heavy,1,4.0,1
139539,Heavy,1,5.0,1
145073,Heavy,1,3.0,1
56824,Heavy,1,4.5,1
59981,Heavy,1,3.5,1
59968,Heavy,1,5.0,1
91124,Heavy,1,2.0,1
34586,Heavy,1,2.0,1
61361,Heavy,1,5.0,1
63058,Heavy,1,1.0,1
132625,Heavy,1,4.0,1
27387,Heavy,1,4.0,1
145018,Heavy,1,4.0,1
14034,Heavy,1,5.0,1
78195,Heavy,1,1.0,1
31123,Heavy,1,4.0,1
43248,Heavy,1,5.0,1
113106,Heavy,1,5.0,1
47934,Heavy,1,2.5,1
133053,Heavy,1,4.0,1
114089,Heavy,1,4.0,1
76196,Heavy,1,4.0,1
144670,Heavy,1,3.5,1
105523,Heavy,1,5.0,1
18799,Heavy,1,3.0,1
17772,Heavy,1,5.0,1
21784,Heavy,1,4.0,1
117925,Heavy,1,4.0,1
9345,Heavy,1,2.0,1
11519,Heavy,1,5.0,1
73355,Heavy,1,1.5,1
56476,Heavy,1,2.5,1
91061,Heavy,1,0.5,1
149934,Heavy,1,4.0,1
109057,Heavy,1,4.0,1
106344,Heavy,1,5.0,1
70643,Heavy,1,4.5,1
55343,Heavy,1,4.0,1
141240,Heavy,2,2.75,2
78290,Heavy,2,3.0,2
112320,Heavy,2,3.75,2
40281,Heavy,1,3.0,1
56351,Heavy,1,3.0,1
45417,Heavy,1,4.0,1
5982,Heavy,2,3.0,2
30691,Heavy,1,5.0,1
132396,Heavy,1,3.0,1
81923,Heavy,1,5.0,1
100894,Heavy,1,3.5,1
116169,Heavy,1,5.0,1
78090,Heavy,1,3.5,1
82459,Heavy,1,5.0,1
50199,Heavy,2,3.25,2
68907,Heavy,1,4.0,1
123029,Heavy,1,3.0,1
139572,Heavy,2,2.5,2
65795,Heavy,1,5.0,1
120092,Heavy,1,1.0,1
157169,Heavy,1,3.0,1
79951,Heavy,1,4.0,1
35029,Heavy,2,4.0,2
111836,Heavy,1,3.5,1
147810,Heavy,1,3.0,1
134020,Heavy,1,5.0,1
70567,Heavy,1,4.5,1
63868,Heavy,1,4.0,1
24610,Heavy,3,4.166666666666667,3
133088,Heavy,1,5.0,1
40041,Heavy,2,3.25,2
68073,Heavy,1,4.0,1
130092,Heavy,1,3.0,1
51289,Heavy,1,4.5,1
54850,Heavy,1,1.0,1
58308,Heavy,1,1.0,1
5735,Heavy,1,5.0,1
34438,Heavy,1,2.0,1
8619,Heavy,3,3.3333333333333335,3
11750,Heavy,1,3.0,1
96511,Heavy,1,1.0,1
3607,Heavy,1,3.0,1
66903,Heavy,1,1.5,1
104780,Heavy,1,2.0,1
145218,Heavy,1,3.5,1
72090,Heavy,1,5.0,1
51640,Heavy,1,4.0,1
76744,Heavy,1,4.0,1
65939,Heavy,3,2.6666666666666665,3
65090,Heavy,1,5.0,1
79813,Heavy,1,5.0,1
152546,Heavy,1,2.5,1
6587,Heavy,1,3.5,1
108040,Heavy,2,5.0,2
81977,Heavy,1,4.0,1
69199,Heavy,1,4.5,1
62940,Heavy,1,1.0,1
137519,Heavy,1,4.0,1
97369,Heavy,1,2.0,1
78635,Heavy,1,5.0,1
8050,Heavy,1,4.5,1
38079,Heavy,1,5.0,1
64025,Heavy,1,4.0,1
72294,Heavy,1,4.0,1
17720,Heavy,2,3.25,2
76137,Heavy,1,3.5,1
44198,Heavy,1,3.0,1
98735,Heavy,1,2.0,1
9454,Heavy,1,2.0,1
18001,Heavy,1,4.5,1
10852,Heavy,1,4.0,1
57725,Heavy,1,4.0,1
135931,Heavy,1,4.5,1
98057,Heavy,1,3.5,1
85616,Heavy,1,4.5,1
150823,Heavy,1,4.0,1
12851,Heavy,2,5.0,2
42527,Heavy,1,1.0,1
25155,Heavy,1,4.5,1
152174,Heavy,1,5.0,1
5980,Heavy,1,2.5,1
70582,Heavy,2,4.5,2
161212,Heavy,1,5.0,1
61238,Heavy,1,4.0,1
83493,Heavy,1,2.5,1
130099,Heavy,1,4.5,1
69664,Heavy,1,4.5,1
55737,Heavy,1,4.0,1
16693,Heavy,1,4.0,1
13083,Heavy,2,4.25,2
39938,Heavy,1,4.5,1
74917,Heavy,1,3.5,1
3150,Heavy,2,2.75,2
65534,Heavy,1,4.0,1
123712,Heavy,1,3.0,1
72022,Heavy,1,4.0,1
53227,Heavy,2,4.0,2
152431,Heavy,1,0.5,1
22313,Heavy,1,4.0,1
36172,Heavy,1,4.0,1
39267,Heavy,1,3.0,1
80119,Heavy,1,2.5,1
135220,Heavy,1,4.0,1
39501,Heavy,1,3.0,1
64607,Heavy,1,2.0,1
72211,Heavy,2,3.25,2
58948,Heavy,1,4.0,1
138831,Heavy,1,2.0,1
46819,Heavy,1,4.0,1
64862,Heavy,1,3.0,1
79398,Heavy,1,4.0,1
58887,Heavy,2,1.75,2
115900,Heavy,2,3.5,2
162296,Heavy,1,2.5,1
26716,Heavy,3,2.0,3
85613,Heavy,3,3.5,3
134916,Heavy,1,4.5,1
13960,Heavy,1,3.0,1
19912,Heavy,2,2.25,2
73809,Heavy,2,1.5,2
44539,Heavy,1,5.0,1
48753,Heavy,1,3.0,1
15490,Heavy,1,4.0,1
34108,Heavy,1,4.0,1
160099,Heavy,3,3.5,3
71272,Heavy,1,3.0,1
70092,Heavy,1,4.0,1
104849,Heavy,1,4.0,1
102120,Heavy,1,5.0,1
14040,Heavy,1,4.0,1
79655,Heavy,1,3.0,1
56374,Heavy,1,4.0,1
16329,Heavy,1,3.0,1
6162,Heavy,1,3.5,1
65791,Heavy,1,2.0,1
128353,Heavy,1,4.0,1
65703,Heavy,1,2.0,1
3751,Heavy,1,4.0,1
48071,Heavy,2,3.75,2
148114,Heavy,1,0.5,1
104914,Heavy,2,3.5,2
114195,Heavy,1,3.0,1
46540,Heavy,1,4.5,1
26279,Heavy,1,3.0,1
91639,Heavy,1,4.0,1
5346,Heavy,1,0.5,1
16656,Heavy,2,3.5,2
5671,Heavy,1,5.0,1
50587,Heavy,3,3.5,3
74794,Heavy,1,4.0,1
38075,Heavy,1,3.0,1
43013,Heavy,1,2.0,1
31044,Heavy,2,3.5,2
64447,Heavy,1,4.0,1
89704,Heavy,2,5.0,2
89579,Heavy,2,4.0,2
109852,Heavy,1,3.0,1
85674,Heavy,1,2.0,1
45792,Heavy,1,3.0,1
96168,Heavy,1,4.0,1
17451,Heavy,2,5.0,2
5792,Heavy,1,3.5,1
24303,Heavy,1,3.5,1
31068,Heavy,1,4.0,1
36323,Heavy,2,3.5,2
18265,Heavy,1,4.0,1
6174,Heavy,2,2.0,2
67615,Heavy,1,4.0,1
59069,Heavy,1,3.0,1
64966,Heavy,1,1.0,1
117350,Heavy,1,2.0,1
66743,Heavy,1,3.0,1
985,Heavy,1,3.0,1
73353,Heavy,3,3.0,3
18235,Heavy,1,5.0,1
114502,Heavy,1,4.0,1
137797,Heavy,1,5.0,1
151343,Heavy,1,4.0,1
156574,Heavy,1,5.0,1
159666,Heavy,1,4.0,1
152929,Heavy,1,3.0,1
18389,Heavy,1,2.0,1
88081,Heavy,1,2.5,1
72713,Heavy,1,3.0,1
9100,Heavy,1,4.0,1
63531,Heavy,1,3.0,1
83301,Heavy,1,3.5,1
73702,Heavy,1,4.0,1
155043,Heavy,1,4.5,1
148204,Heavy,3,4.666666666666667,3
157429,Heavy,1,4.0,1
83035,Heavy,3,3.6666666666666665,3
112960,Heavy,1,4.5,1
24181,Heavy,1,2.0,1
146412,Heavy,1,5.0,1
25734,Heavy,1,5.0,1
72554,Heavy,1,5.0,1
73901,Heavy,2,3.5,2
84263,Heavy,1,1.0,1
49125,Heavy,1,3.5,1
98076,Heavy,1,2.5,1
156912,Heavy,1,5.0,1
10200,Heavy,1,5.0,1
42327,Heavy,1,4.0,1
69200,Heavy,1,3.0,1
152471,Heavy,1,2.5,1
55477,Heavy,1,4.0,1
46049,Heavy,1,3.0,1
62713,Heavy,1,2.5,1
69966,Heavy,2,2.25,2
61667,Heavy,1,5.0,1
50535,Heavy,1,5.0,1
74045,Heavy,1,3.0,1
77236,Heavy,1,3.0,1
111976,Heavy,1,2.5,1
125837,Heavy,1,4.0,1
151810,Heavy,1,1.0,1
107885,Heavy,1,3.0,1
72439,Heavy,2,4.0,2
86164,Heavy,1,3.0,1
74859,Heavy,1,3.5,1
158923,Heavy,1,4.5,1
121498,Heavy,1,4.0,1
130957,Heavy,1,4.0,1
86757,Heavy,1,3.5,1
107173,Heavy,1,2.5,1
127825,Heavy,1,5.0,1
68299,Heavy,1,4.0,1
15267,Heavy,1,4.0,1
45731,Heavy,1,4.5,1
80170,Heavy,1,2.0,1
33850,Heavy,1,2.0,1
18770,Heavy,1,4.5,1
29054,Heavy,3,4.5,3
3832,Heavy,1,4.0,1
52619,Heavy,1,5.0,1
17646,Heavy,1,2.0,1
20148,Heavy,1,2.5,1
129966,Heavy,2,4.5,2
3272,Heavy,2,2.75,2
38736,Heavy,1,2.0,1
38393,Heavy,1,5.0,1
58574,Heavy,1,4.0,1
43522,Heavy,1,3.5,1
25252,Heavy,1,3.0,1
12264,Heavy,1,4.5,1
112435,Heavy,1,3.5,1
106990,Heavy,1,5.0,1
71410,Heavy,1,3.5,1
159872,Heavy,1,1.0,1
122993,Heavy,1,3.5,1
118949,Heavy,1,2.5,1
48261,Heavy,1,3.0,1
113150,Heavy,2,2.75,2
42135,Heavy,1,4.0,1
110253,Heavy,1,3.0,1
41205,Heavy,1,1.5,1
157456,Heavy,2,2.75,2
64628,Heavy,1,5.0,1
66339,Heavy,1,3.0,1
82369,Heavy,1,4.5,1
107898,Heavy,2,3.5,2
139047,Heavy,1,3.0,1
51135,Heavy,1,5.0,1
36497,Heavy,2,3.0,2
4149,Heavy,2,2.25,2
26958,Heavy,1,5.0,1
154897,Heavy,1,3.0,1
19691,Heavy,2,2.25,2
146319,Heavy,1,3.0,1
139541,Heavy,1,4.5,1
78271,Heavy,1,4.0,1
50057,Heavy,1,4.0,1
40466,Heavy,1,3.0,1
143649,Heavy,1,2.5,1
90050,Heavy,1,4.0,1
72356,Heavy,2,4.5,2
86736,Heavy,1,3.0,1
4013,Heavy,1,4.0,1
88704,Heavy,1,4.0,1
40804,Heavy,2,3.75,2
68716,Heavy,2,3.5,2
72292,Heavy,1,3.5,1
142796,Heavy,1,5.0,1
105588,Heavy,1,5.0,1
24580,Heavy,1,3.0,1
15269,Heavy,1,4.0,1
92041,Heavy,1,2.0,1
90500,Heavy,2,3.75,2
11668,Heavy,1,4.0,1
152199,Heavy,1,3.5,1
76109,Heavy,2,3.25,2
23868,Heavy,1,3.0,1
81662,Heavy,2,3.5,2
31009,Heavy,1,5.0,1
34687,Heavy,1,3.0,1
2287,Heavy,1,3.0,1
69133,Heavy,1,4.5,1
111336,Heavy,1,4.5,1
26801,Heavy,1,3.5,1
37046,Heavy,1,4.0,1
65807,Heavy,1,2.0,1
53634,Heavy,1,5.0,1
13082,Heavy,1,2.0,1
100259,Heavy,1,3.0,1
12087,Heavy,1,5.0,1
84086,Heavy,2,4.5,2
69598,Heavy,1,5.0,1
56872,Heavy,1,4.0,1
26439,Heavy,1,2.0,1
3485,Heavy,2,3.0,2
115434,Heavy,1,3.5,1
129655,Heavy,3,4.333333333333333,3
32202,Heavy,1,5.0,1
82865,Heavy,1,3.5,1
128577,Heavy,1,5.0,1
131396,Heavy,1,4.0,1
84510,Heavy,1,4.5,1
54607,Heavy,1,1.5,1
7734,Heavy,1,5.0,1
47159,Heavy,1,3.5,1
19788,Heavy,1,4.0,1
29542,Heavy,2,3.25,2
145000,Heavy,4,2.75,4
8136,Heavy,1,3.5,1
80458,Heavy,1,2.0,1
82230,Heavy,1,3.0,1
515,Heavy,1,4.0,1
4820,Heavy,1,4.0,1
87235,Heavy,2,4.25,2
88610,Heavy,1,3.0,1
111679,Heavy,1,5.0,1
18515,Heavy,1,4.5,1
36355,Heavy,1,3.0,1
22966,Heavy,1,3.5,1
61181,Heavy,2,4.0,2
68828,Heavy,1,3.0,1
26329,Heavy,1,3.0,1
73235,Heavy,1,4.0,1
43926,Heavy,1,1.0,1
38654,Heavy,1,1.0,1
53808,Heavy,1,4.5,1
59569,Heavy,2,3.5,2
75373,Heavy,1,3.5,1
27804,Heavy,2,4.25,2
51667,Heavy,1,0.5,1
37858,Heavy,1,4.0,1
52139,Heavy,1,3.5,1
140365,Heavy,1,4.0,1
153690,Heavy,1,4.0,1
136883,Heavy,1,3.0,1
115423,Heavy,1,4.0,1
141377,Heavy,1,4.5,1
160694,Heavy,1,4.0,1
29330,Heavy,1,4.0,1
29790,Heavy,1,5.0,1
138244,Heavy,1,4.0,1
8642,Heavy,1,5.0,1
154238,Heavy,1,3.5,1
96958,Heavy,1,4.5,1
79606,Heavy,1,5.0,1
65171,Heavy,1,4.5,1
36209,Heavy,1,4.5,1
138291,Heavy,1,4.0,1
103325,Heavy,1,5.0,1
118647,Heavy,1,3.5,1
38317,Heavy,1,5.0,1
20273,Heavy,1,1.0,1
119229,Heavy,1,3.5,1
119317,Heavy,1,5.0,1
46889,Heavy,2,3.75,2
4675,Heavy,1,4.0,1
28230,Heavy,1,5.0,1
88574,Heavy,1,5.0,1
14721,Heavy,1,3.0,1
148034,Heavy,1,4.5,1
38280,Heavy,1,0.5,1
9127,Heavy,1,4.5,1
101070,Heavy,1,2.5,1
102121,Heavy,1,3.5,1
26365,Heavy,4,2.75,4
49947,Heavy,3,4.0,3
11778,Heavy,2,3.5,2
112426,Heavy,2,3.25,2
63376,Heavy,1,1.0,1
23259,Heavy,2,2.5,2
35532,Heavy,1,4.0,1
18436,Heavy,1,3.0,1
71129,Heavy,1,4.5,1
29121,Heavy,1,4.0,1
1947,Heavy,1,4.0,1
123454,Heavy,1,3.0,1
31526,Heavy,1,2.0,1
141771,Heavy,1,4.0,1
84059,Heavy,1,3.0,1
10438,Heavy,1,0.5,1
132987,Heavy,1,3.5,1
11952,Heavy,3,2.5,3
124743,Heavy,1,3.5,1
24027,Heavy,1,4.0,1
55390,Heavy,1,5.0,1
32945,Heavy,1,4.0,1
50915,Heavy,1,4.5,1
94743,Heavy,1,4.0,1
80487,Heavy,1,3.0,1
16251,Heavy,2,4.0,2
12841,Heavy,1,2.5,1
57974,Heavy,1,4.0,1
42323,Heavy,1,3.5,1
138890,Heavy,1,2.5,1
83275,Heavy,1,4.0,1
151519,Heavy,1,4.0,1
105070,Heavy,1,5.0,1
17297,Heavy,1,4.0,1
93424,Heavy,2,3.75,2
139524,Heavy,1,3.0,1
2032,Heavy,3,3.1666666666666665,3
42480,Heavy,1,5.0,1
25478,Heavy,1,1.0,1
65465,Heavy,3,3.6666666666666665,3
148813,Heavy,1,5.0,1
40187,Heavy,1,4.0,1
62196,Heavy,1,4.0,1
16966,Heavy,1,5.0,1
77991,Heavy,1,4.0,1
60256,Heavy,1,5.0,1
84056,Heavy,2,3.0,2
80575,Heavy,1,4.0,1
64439,Heavy,1,0.5,1
142270,Heavy,1,5.0,1
10819,Heavy,1,2.0,1
62762,Heavy,1,3.0,1
37965,Heavy,1,4.5,1
9022,Heavy,3,3.3333333333333335,3
33445,Heavy,1,3.0,1
67482,Heavy,1,4.0,1
39222,Heavy,1,4.0,1
135530,Heavy,1,3.5,1
64972,Heavy,1,3.0,1
4429,Heavy,3,3.6666666666666665,3
72009,Heavy,2,4.0,2
2782,Heavy,1,5.0,1
103513,Heavy,1,4.0,1
156900,Heavy,1,1.0,1
54353,Heavy,3,2.6666666666666665,3
10893,Heavy,1,0.5,1
34202,Heavy,1,4.5,1
99416,Heavy,1,5.0,1
69221,Heavy,1,5.0,1
65646,Heavy,1,1.5,1
52584,Heavy,1,4.5,1
35965,Heavy,1,4.0,1
52823,Heavy,1,4.0,1
84407,Heavy,1,5.0,1
35719,Heavy,2,3.5,2
62004,Heavy,1,3.5,1
81847,Heavy,1,4.0,1
160778,Heavy,2,3.5,2
56402,Heavy,1,3.0,1
166,Heavy,1,4.0,1
84998,Heavy,1,1.0,1
103869,Heavy,1,3.5,1
161079,Heavy,1,5.0,1
101115,Heavy,2,4.0,2
162516,Heavy,2,3.25,2
50402,Heavy,1,5.0,1
67567,Heavy,1,3.0,1
24165,Heavy,1,4.0,1
109537,Heavy,2,4.5,2
52009,Heavy,1,3.0,1
15224,Heavy,2,4.0,2
58214,Heavy,1,3.0,1
291,Heavy,1,5.0,1
154485,Heavy,1,3.5,1
76840,Heavy,1,5.0,1
136696,Heavy,1,2.5,1
4860,Heavy,2,3.75,2
43102,Heavy,1,3.0,1
55040,Heavy,2,4.5,2
77320,Heavy,2,1.25,2
20334,Heavy,1,1.5,1
74544,Heavy,2,2.5,2
20924,Heavy,1,5.0,1
56820,Heavy,1,1.0,1
42282,Heavy,1,4.5,1
139685,Heavy,1,4.0,1
25567,Heavy,1,5.0,1
50910,Heavy,1,5.0,1
86414,Heavy,1,3.0,1
51829,Heavy,1,3.0,1
53353,Heavy,1,4.5,1
13423,Heavy,1,1.0,1
32140,Heavy,1,3.5,1
16871,Heavy,1,4.0,1
70106,Heavy,1,4.0,1
26509,Heavy,2,3.75,2
47006,Heavy,1,4.0,1
16933,Heavy,1,4.0,1
58247,Heavy,1,3.5,1
142183,Heavy,1,5.0,1
89315,Heavy,1,4.0,1
107772,Heavy,1,4.0,1
47371,Heavy,1,2.5,1
32026,Heavy,1,4.0,1
81261,Heavy,1,5.0,1
93259,Heavy,1,3.0,1
1473,Heavy,1,5.0,1
50292,Heavy,1,4.5,1
46238,Heavy,1,3.0,1
52190,Heavy,6,3.4166666666666665,6
10927,Heavy,1,4.0,1
69125,Heavy,1,2.0,1
22251,Heavy,1,4.5,1
31582,Heavy,1,4.0,1
11924,Heavy,1,5.0,1
135803,Heavy,1,5.0,1
80958,Heavy,1,3.0,1
147572,Heavy,1,4.0,1
155173,Heavy,1,4.0,1
84339,Heavy,1,3.5,1
81493,Heavy,1,5.0,1
46689,Heavy,1,4.0,1
94477,Heavy,1,2.0,1
129437,Heavy,1,3.0,1
12735,Heavy,1,5.0,1
59284,Heavy,1,4.0,1
101550,Heavy,1,1.0,1
130756,Heavy,1,3.5,1
85634,Heavy,1,3.0,1
137121,Heavy,1,4.0,1
128079,Heavy,1,4.0,1
53073,Heavy,1,4.0,1
32805,Heavy,2,3.0,2
152384,Heavy,1,3.0,1
36282,Heavy,3,3.8333333333333335,3
3597,Heavy,1,0.5,1
155491,Heavy,1,4.5,1
24318,Heavy,1,3.0,1
47542,Heavy,1,3.5,1
72130,Heavy,2,4.5,2
42271,Heavy,1,3.0,1
42244,Heavy,1,4.5,1
85247,Heavy,1,2.0,1
53063,Heavy,1,5.0,1
160231,Heavy,1,4.0,1
53872,Heavy,1,2.0,1
31655,Heavy,1,4.5,1
93067,Heavy,1,3.0,1
109728,Heavy,1,2.5,1
103737,Heavy,1,3.5,1
22175,Heavy,3,3.0,3
4601,Heavy,3,3.3333333333333335,3
14831,Heavy,3,3.3333333333333335,3
36028,Heavy,2,4.0,2
77089,Heavy,1,4.0,1
150102,Heavy,1,4.0,1
26318,Heavy,1,4.5,1
116321,Heavy,2,2.5,2
33595,Heavy,2,4.5,2
6578,Heavy,2,5.0,2
57050,Heavy,2,3.0,2
27125,Heavy,2,3.0,2
133748,Heavy,1,3.0,1
51926,Heavy,1,5.0,1
10824,Heavy,2,2.0,2
59974,Heavy,2,3.5,2
22610,Heavy,1,3.0,1
25414,Heavy,1,3.5,1
47940,Heavy,1,5.0,1
112584,Heavy,1,4.5,1
69958,Heavy,1,4.0,1
18726,Heavy,1,3.0,1
153538,Heavy,1,5.0,1
117933,Heavy,1,3.5,1
48153,Heavy,1,3.5,1
43843,Heavy,1,3.0,1
122618,Heavy,1,4.0,1
38205,Heavy,1,5.0,1
25109,Heavy,1,4.0,1
157601,Heavy,1,3.5,1
52248,Heavy,1,3.0,1
61146,Heavy,1,4.0,1
78093,Heavy,3,2.8333333333333335,3
61925,Heavy,2,3.0,2
104453,Heavy,1,2.0,1
54055,Heavy,2,4.0,2
61593,Heavy,2,3.25,2
5182,Heavy,1,3.5,1
41234,Heavy,1,4.5,1
16657,Heavy,1,4.0,1
905,Heavy,1,5.0,1
125427,Heavy,1,3.0,1
80291,Heavy,1,4.0,1
56876,Heavy,1,5.0,1
148915,Heavy,1,4.0,1
105067,Heavy,1,4.0,1
135429,Heavy,1,2.0,1
2105,Heavy,1,5.0,1
107945,Heavy,1,3.5,1
23380,Heavy,1,4.5,1
87484,Heavy,1,3.0,1
94979,Heavy,1,2.0,1
76120,Heavy,1,4.0,1
93885,Heavy,2,5.0,2
31187,Heavy,2,3.5,2
112141,Heavy,1,3.5,1
146088,Heavy,2,3.75,2
99531,Heavy,1,5.0,1
28347,Heavy,1,3.5,1
69409,Heavy,1,4.0,1
90474,Heavy,1,4.0,1
15476,Heavy,2,3.0,2
91610,Heavy,1,3.0,1
97933,Heavy,1,5.0,1
1778,Heavy,1,4.0,1
42554,Heavy,1,3.0,1
20075,Heavy,1,2.5,1
104082,Heavy,1,4.5,1
55788,Heavy,1,4.0,1
107718,Heavy,1,1.0,1
42894,Heavy,1,2.0,1
57643,Heavy,1,4.5,1
18534,Heavy,2,2.5,2
27590,Heavy,2,4.5,2
109955,Heavy,1,3.0,1
125655,Heavy,1,4.0,1
34581,Heavy,1,3.0,1
72722,Heavy,1,4.5,1
77503,Heavy,1,3.0,1
63041,Heavy,1,3.0,1
22322,Heavy,1,4.0,1
148227,Heavy,1,5.0,1
65427,Heavy,2,3.75,2
104418,Heavy,1,4.5,1
30820,Heavy,1,5.0,1
66341,Heavy,1,2.0,1
108841,Heavy,1,1.0,1
49004,Heavy,3,2.0,3
38559,Heavy,1,4.0,1
92834,Heavy,2,3.0,2
24982,Heavy,1,2.5,1
89362,Heavy,1,4.0,1
105679,Heavy,1,4.5,1
34164,Heavy,2,3.5,2
37931,Heavy,1,5.0,1
45598,Heavy,1,3.0,1
85228,Heavy,1,5.0,1
135361,Heavy,1,3.5,1
15219,Heavy,1,4.5,1
3403,Heavy,1,3.5,1
56639,Heavy,1,3.0,1
152265,Heavy,1,5.0,1
33624,Heavy,1,5.0,1
20639,Heavy,1,3.0,1
120542,Heavy,1,3.0,1
49931,Heavy,3,3.1666666666666665,3
21602,Heavy,2,3.25,2
14252,Heavy,1,4.0,1
74497,Heavy,1,5.0,1
159069,Heavy,1,4.0,1
60609,Heavy,1,2.5,1
88299,Heavy,1,5.0,1
67138,Heavy,1,5.0,1
87169,Heavy,1,5.0,1
105107,Heavy,1,5.0,1
51758,Heavy,2,2.0,2
13700,Heavy,2,4.0,2
63502,Heavy,1,3.5,1
41346,Heavy,1,1.5,1
15358,Heavy,1,3.0,1
65146,Heavy,1,3.0,1
133818,Heavy,1,5.0,1
37316,Heavy,2,3.0,2
22306,Heavy,1,3.0,1
14769,Heavy,1,3.0,1
91246,Heavy,1,4.0,1
43954,Heavy,1,4.0,1
86654,Heavy,1,2.5,1
31563,Heavy,1,4.5,1
121424,Heavy,1,4.0,1
115070,Heavy,1,5.0,1
66411,Heavy,1,4.0,1
160298,Heavy,1,3.0,1
87618,Heavy,1,4.0,1
80407,Heavy,1,4.0,1
66277,Heavy,3,2.3333333333333335,3
29113,Heavy,2,4.25,2
122011,Heavy,2,3.0,2
58762,Heavy,1,3.5,1
32167,Heavy,1,3.0,1
36697,Heavy,1,4.5,1
22425,Heavy,1,5.0,1
16376,Heavy,1,4.0,1
134863,Heavy,1,1.0,1
24095,Heavy,1,4.0,1
156189,Heavy,1,3.0,1
20406,Heavy,1,4.0,1
22970,Heavy,1,3.0,1
14574,Heavy,1,3.5,1
74889,Heavy,1,4.0,1
63931,Heavy,1,5.0,1
74555,Heavy,1,3.0,1
37438,Heavy,2,3.75,2
6807,Heavy,2,3.75,2
16558,Heavy,1,4.5,1
160904,Heavy,1,3.0,1
60795,Heavy,1,4.0,1
20589,Heavy,1,4.0,1
81838,Heavy,1,2.0,1
8476,Heavy,1,5.0,1
113554,Heavy,1,4.0,1
140454,Heavy,1,4.0,1
120793,Heavy,1,4.0,1
21260,Heavy,1,3.0,1
72573,Heavy,1,5.0,1
54791,Heavy,1,3.0,1
162286,Heavy,1,3.0,1
144109,Heavy,1,4.5,1
112727,Heavy,1,4.0,1
5844,Heavy,1,4.0,1
24213,Heavy,1,4.0,1
46616,Heavy,1,2.5,1
7322,Heavy,1,4.5,1
157261,Heavy,1,5.0,1
108954,Heavy,1,5.0,1
152690,Heavy,2,2.5,2
14598,Heavy,1,4.0,1
132624,Heavy,1,2.5,1
112802,Heavy,1,5.0,1
13518,Heavy,1,5.0,1
117587,Heavy,1,4.0,1
51949,Heavy,1,0.5,1
152211,Heavy,1,3.5,1
129343,Heavy,1,4.0,1
94603,Heavy,1,3.0,1
46930,Heavy,1,4.0,1
20367,Heavy,2,4.25,2
76950,Heavy,1,4.0,1
19960,Heavy,1,5.0,1
54982,Heavy,1,1.0,1
101570,Heavy,1,4.0,1
59011,Heavy,1,5.0,1
68463,Heavy,1,4.0,1
88866,Heavy,1,3.0,1
148440,Heavy,1,3.0,1
70423,Heavy,1,5.0,1
134677,Heavy,1,3.0,1
56704,Heavy,1,5.0,1
5754,Heavy,1,3.5,1
13657,Heavy,1,4.0,1
74039,Heavy,1,3.0,1
46342,Heavy,1,3.0,1
75124,Heavy,1,5.0,1
68407,Heavy,1,5.0,1
157042,Heavy,1,3.0,1
37194,Heavy,1,5.0,1
82637,Heavy,1,3.0,1
47402,Heavy,1,3.0,1
125791,Heavy,1,3.5,1
111119,Heavy,2,3.5,2
133446,Heavy,1,5.0,1
73639,Heavy,1,3.0,1
25744,Heavy,1,4.5,1
41294,Heavy,1,4.0,1
137447,Heavy,1,2.0,1
34973,Heavy,1,5.0,1
544,Heavy,1,3.5,1
54311,Heavy,1,4.0,1
39726,Heavy,2,1.5,2
132919,Heavy,1,3.0,1
119597,Heavy,1,4.5,1
79165,Heavy,1,4.0,1
48940,Heavy,1,4.5,1
26722,Heavy,1,4.0,1
82365,Heavy,1,3.0,1
12945,Heavy,1,4.0,1
19245,Heavy,1,4.0,1
22311,Heavy,1,4.0,1
76330,Heavy,1,1.5,1
157433,Heavy,1,4.0,1
82623,Heavy,1,5.0,1
65155,Heavy,1,1.0,1
23097,Heavy,1,4.0,1
35412,Heavy,1,3.5,1
78705,Heavy,1,5.0,1
7544,Heavy,1,4.0,1
4282,Heavy,1,5.0,1
66386,Heavy,1,0.5,1
25185,Heavy,1,5.0,1
154444,Heavy,1,4.5,1
52318,Heavy,1,3.0,1
111073,Heavy,1,3.0,1
35061,Heavy,1,4.0,1
151386,Heavy,1,0.5,1
159582,Heavy,1,3.0,1
58693,Heavy,1,4.0,1
25071,Heavy,1,2.0,1
57035,Heavy,1,4.0,1
141901,Heavy,1,5.0,1
148099,Heavy,1,4.0,1
22133,Heavy,1,4.0,1
105747,Heavy,2,3.0,2
73259,Heavy,1,4.0,1
130472,Heavy,1,5.0,1
57628,Heavy,1,4.5,1
25544,Heavy,1,4.0,1
115641,Heavy,1,4.0,1
151018,Heavy,1,3.0,1
33062,Heavy,1,3.5,1
153630,Heavy,1,4.0,1
15806,Heavy,2,4.0,2
6635,Heavy,1,4.0,1
90404,Heavy,1,4.0,1
118441,Heavy,1,4.0,1
142519,Heavy,1,4.5,1
112014,Heavy,1,4.0,1
47294,Heavy,1,3.0,1
60240,Heavy,1,4.0,1
64294,Heavy,2,3.25,2
74796,Heavy,1,4.0,1
85959,Heavy,1,5.0,1
92314,Heavy,1,5.0,1
77926,Heavy,1,5.0,1
86632,Heavy,1,4.5,1
138376,Heavy,1,4.0,1
94174,Heavy,1,3.5,1
62105,Heavy,1,2.5,1
132084,Heavy,1,3.0,1
49056,Heavy,2,3.0,2
65226,Heavy,1,5.0,1
30171,Heavy,1,4.5,1
23225,Heavy,1,5.0,1
42532,Heavy,1,0.5,1
86086,Heavy,1,3.0,1
123053,Heavy,1,3.0,1
66041,Heavy,2,4.0,2
51799,Heavy,2,3.5,2
21856,Heavy,1,2.0,1
61564,Heavy,2,3.75,2
28522,Heavy,1,4.0,1
12473,Heavy,3,3.8333333333333335,3
142286,Heavy,1,4.0,1
13545,Heavy,1,1.0,1
70786,Heavy,1,3.5,1
103498,Heavy,1,3.5,1
45997,Heavy,1,3.5,1
48944,Heavy,1,4.0,1
80280,Heavy,1,4.5,1
134386,Heavy,3,2.6666666666666665,3
52964,Heavy,1,4.0,1
3221,Heavy,1,5.0,1
66746,Heavy,1,3.5,1
74607,Heavy,1,4.5,1
118428,Heavy,1,1.0,1
64975,Heavy,1,5.0,1
14475,Heavy,3,3.3333333333333335,3
6953,Heavy,1,4.5,1
142384,Heavy,1,4.0,1
37840,Heavy,1,3.0,1
118175,Heavy,1,1.5,1
939,Heavy,2,4.0,2
158735,Heavy,1,3.5,1
22827,Heavy,2,3.75,2
36865,Heavy,1,3.0,1
25910,Heavy,2,4.25,2
39133,Heavy,2,3.0,2
49000,Heavy,1,5.0,1
9128,Heavy,2,4.0,2
94835,Heavy,1,3.0,1
92980,Heavy,1,4.5,1
81382,Heavy,1,1.5,1
123061,Heavy,1,3.5,1
20330,Heavy,1,4.0,1
15396,Heavy,1,5.0,1
43883,Heavy,1,4.0,1
123142,Heavy,1,3.0,1
75494,Heavy,2,2.5,2
126839,Heavy,1,2.5,1
17729,Heavy,3,3.3333333333333335,3
58656,Heavy,1,4.0,1
125920,Heavy,1,4.0,1
49597,Heavy,1,5.0,1
70084,Heavy,2,3.0,2
102612,Heavy,1,4.0,1
24672,Heavy,1,4.0,1
18989,Heavy,3,3.0,3
24189,Heavy,1,3.0,1
53539,Heavy,1,3.5,1
69918,Heavy,1,3.5,1
17782,Heavy,1,5.0,1
162445,Heavy,1,4.0,1
100987,Heavy,1,4.0,1
92014,Heavy,1,3.0,1
50467,Heavy,1,4.0,1
42429,Heavy,1,4.5,1
111482,Heavy,2,3.25,2
117581,Heavy,1,1.5,1
130627,Heavy,1,4.0,1
40549,Heavy,1,4.5,1
160772,Heavy,1,3.5,1
69708,Heavy,1,4.0,1
133201,Heavy,1,2.5,1
139416,Heavy,1,5.0,1
119612,Heavy,1,0.5,1
72680,Heavy,1,5.0,1
87555,Heavy,1,1.0,1
49350,Heavy,1,4.5,1
53837,Heavy,5,3.4,5
158804,Heavy,1,3.0,1
31451,Heavy,1,5.0,1
66575,Heavy,1,2.5,1
85542,Heavy,1,2.5,1
92700,Heavy,1,3.5,1
6038,Heavy,3,2.6666666666666665,3
24575,Heavy,1,3.0,1
78842,Heavy,1,3.5,1
79407,Heavy,1,1.0,1
48870,Heavy,3,3.8333333333333335,3
126637,Heavy,1,2.5,1
18147,Heavy,1,3.5,1
55416,Heavy,1,3.0,1
73910,Heavy,2,3.5,2
67425,Heavy,2,3.75,2
50176,Heavy,1,1.5,1
66854,Heavy,1,4.0,1
2515,Heavy,1,1.5,1
24953,Heavy,1,4.5,1
64139,Heavy,1,4.0,1
33350,Heavy,1,4.0,1
88917,Heavy,1,4.0,1
31175,Heavy,2,4.5,2
88416,Heavy,1,3.0,1
97714,Heavy,1,4.0,1
1537,Heavy,1,3.0,1
31858,Heavy,1,2.5,1
54056,Heavy,1,4.0,1
145989,Heavy,1,2.0,1
63693,Heavy,1,3.5,1
80803,Heavy,1,4.0,1
144929,Heavy,1,2.0,1
32250,Heavy,1,3.5,1
74395,Heavy,1,4.0,1
123428,Heavy,1,5.0,1
148362,Heavy,1,4.0,1
56165,Heavy,2,3.5,2
58034,Heavy,2,3.0,2
84608,Heavy,1,1.0,1
3266,Heavy,1,2.0,1
42960,Heavy,1,4.0,1
57441,Heavy,1,4.0,1
100364,Heavy,1,2.5,1
105728,Heavy,1,4.0,1
31249,Heavy,1,2.0,1
18580,Heavy,3,4.0,3
25357,Heavy,1,5.0,1
126391,Heavy,1,3.0,1
101177,Heavy,1,3.0,1
115720,Heavy,1,4.0,1
28732,Heavy,1,3.0,1
114841,Heavy,1,2.0,1
42235,Heavy,1,4.0,1
13737,Heavy,1,3.5,1
3404,Heavy,1,5.0,1
129662,Heavy,1,1.0,1
17800,Heavy,1,4.0,1
20371,Heavy,2,3.25,2
123367,Heavy,1,4.0,1
114417,Heavy,1,3.0,1
21184,Heavy,2,3.25,2
26776,Heavy,2,3.25,2
37325,Heavy,1,1.0,1
53884,Heavy,1,4.5,1
26463,Heavy,1,3.0,1
49234,Heavy,1,2.5,1
34652,Heavy,1,4.5,1
59680,Heavy,1,2.0,1
15244,Heavy,1,4.5,1
41302,Heavy,1,3.0,1
24152,Heavy,1,3.0,1
135188,Heavy,1,4.0,1
161090,Heavy,1,2.5,1
21467,Heavy,1,4.0,1
86595,Heavy,1,3.0,1
130393,Heavy,1,4.0,1
17962,Heavy,1,3.0,1
24733,Heavy,1,5.0,1
130382,Heavy,1,4.0,1
5992,Heavy,1,5.0,1
66231,Heavy,1,4.0,1
62109,Heavy,1,4.0,1
647,Heavy,1,4.0,1
96458,Heavy,1,2.5,1
5183,Heavy,2,4.75,2
127823,Heavy,1,3.5,1
42393,Heavy,1,3.0,1
64370,Heavy,2,2.25,2
81783,Heavy,3,3.6666666666666665,3
129893,Heavy,1,3.5,1
91879,Heavy,1,4.0,1
63616,Heavy,1,3.5,1
46264,Heavy,3,3.6666666666666665,3
79878,Heavy,1,3.5,1
32775,Heavy,1,4.0,1
5173,Heavy,1,4.5,1
69170,Heavy,1,3.5,1
28127,Heavy,1,2.0,1
127033,Heavy,1,3.0,1
154369,Heavy,1,3.0,1
9849,Heavy,2,3.5,2
32064,Heavy,2,2.0,2
87570,Heavy,1,2.0,1
123154,Heavy,1,4.5,1
102593,Heavy,1,4.0,1
26065,Heavy,1,4.0,1
161155,Heavy,1,2.0,1
75544,Heavy,1,5.0,1
82810,Heavy,1,1.0,1
68093,Heavy,1,5.0,1
20331,Heavy,1,2.5,1
41149,Heavy,1,3.0,1
27852,Heavy,1,5.0,1
35221,Heavy,2,4.0,2
54881,Heavy,1,4.0,1
13222,Heavy,1,3.0,1
37414,Heavy,1,3.0,1
61803,Heavy,1,2.0,1
6550,Heavy,1,4.0,1
49039,Heavy,1,4.0,1
14534,Heavy,2,4.25,2
64376,Heavy,1,4.0,1
14743,Heavy,1,4.0,1
912,Heavy,1,4.5,1
68871,Heavy,1,4.5,1
10966,Heavy,1,4.0,1
71366,Heavy,1,5.0,1
60777,Heavy,2,2.25,2
25028,Heavy,1,1.5,1
140636,Heavy,1,3.0,1
44202,Heavy,1,4.5,1
58325,Heavy,1,4.0,1
133402,Heavy,1,4.0,1
59067,Heavy,1,3.0,1
54648,Heavy,1,4.0,1
41047,Heavy,1,4.0,1
32462,Heavy,3,2.8333333333333335,3
140472,Heavy,2,3.25,2
47415,Heavy,1,5.0,1
111620,Heavy,1,3.5,1
15301,Heavy,3,2.3333333333333335,3
146696,Heavy,1,3.0,1
81831,Heavy,1,2.0,1
60905,Heavy,2,3.75,2
18434,Heavy,2,4.0,2
14805,Heavy,1,1.0,1
23771,Heavy,1,3.5,1
34387,Heavy,1,4.0,1
132176,Heavy,1,4.5,1
36894,Heavy,1,5.0,1
27106,Heavy,3,1.8333333333333333,3
5541,Heavy,1,4.5,1
29243,Heavy,1,4.0,1
83853,Heavy,1,1.5,1
123243,Heavy,1,3.0,1
2108,Heavy,1,3.0,1
34435,Heavy,1,3.0,1
64580,Heavy,1,1.0,1
61096,Heavy,1,2.0,1
146087,Heavy,1,4.0,1
74511,Heavy,1,2.5,1
85717,Heavy,1,3.0,1
27286,Heavy,2,4.75,2
134264,Heavy,1,3.0,1
93855,Heavy,1,2.0,1
115953,Heavy,1,1.0,1
74041,Heavy,1,3.5,1
114063,Heavy,1,3.0,1
8093,Heavy,1,4.5,1
82545,Heavy,1,3.5,1
79856,Heavy,2,3.5,2
148335,Heavy,1,4.0,1
75470,Heavy,1,3.5,1
153150,Heavy,1,4.0,1
145090,Heavy,1,3.0,1
44070,Heavy,1,5.0,1
145945,Heavy,1,4.0,1
33333,Heavy,2,3.5,2
18368,Heavy,2,4.0,2
95902,Heavy,2,5.0,2
11904,Heavy,2,2.75,2
85515,Heavy,1,4.0,1
79524,Heavy,1,3.5,1
50350,Heavy,1,3.5,1
70384,Heavy,1,3.0,1
68096,Heavy,1,4.0,1
31113,Heavy,1,3.5,1
33431,Heavy,1,5.0,1
7680,Heavy,1,3.5,1
107074,Heavy,2,2.75,2
128612,Heavy,1,3.0,1
59951,Heavy,2,3.75,2
56171,Heavy,1,3.0,1
34230,Heavy,1,1.0,1
153502,Heavy,1,4.0,1
93506,Heavy,1,4.0,1
80023,Heavy,2,3.25,2
34777,Heavy,2,1.5,2
69400,Heavy,2,4.25,2
8031,Heavy,1,5.0,1
79706,Heavy,1,4.0,1
5240,Heavy,1,5.0,1
39738,Heavy,1,5.0,1
156285,Heavy,1,5.0,1
129513,Heavy,1,3.5,1
23539,Heavy,1,1.5,1
111249,Heavy,1,4.0,1
66039,Heavy,1,4.0,1
114389,Heavy,1,4.0,1
21090,Heavy,1,2.0,1
63016,Heavy,3,3.3333333333333335,3
59989,Heavy,1,4.5,1
28423,Heavy,1,4.0,1
16372,Heavy,1,3.0,1
82335,Heavy,1,4.0,1
94841,Heavy,1,5.0,1
26596,Heavy,1,5.0,1
37601,Heavy,1,3.0,1
50718,Heavy,1,4.5,1
101602,Heavy,1,3.0,1
34916,Heavy,1,4.0,1
55890,Heavy,1,3.5,1
114246,Heavy,1,4.5,1
122738,Heavy,1,3.5,1
152240,Heavy,1,3.5,1
12376,Heavy,1,0.5,1
94464,Heavy,1,4.0,1
22389,Heavy,1,4.5,1
135412,Heavy,1,5.0,1
6963,Heavy,1,3.5,1
133079,Heavy,1,3.0,1
68770,Heavy,1,5.0,1
140332,Heavy,1,4.0,1
33142,Heavy,1,4.5,1
65211,Heavy,1,2.0,1
20413,Heavy,1,4.0,1
33372,Heavy,1,4.5,1
99343,Heavy,1,3.5,1
57897,Heavy,1,5.0,1
24628,Heavy,2,5.0,2
77267,Heavy,1,2.0,1
82943,Heavy,1,4.5,1
77379,Heavy,2,3.75,2
6117,Heavy,1,4.0,1
39259,Heavy,1,3.0,1
116455,Heavy,1,3.0,1
109186,Heavy,1,3.0,1
128438,Heavy,1,3.5,1
11912,Heavy,1,4.0,1
118384,Heavy,1,4.0,1
19718,Heavy,2,5.0,2
75822,Heavy,3,2.3333333333333335,3
26553,Heavy,2,4.0,2
47067,Heavy,1,4.0,1
58098,Heavy,1,2.0,1
160469,Heavy,1,5.0,1
55098,Heavy,2,3.75,2
114439,Heavy,1,3.0,1
90785,Heavy,2,4.25,2
48659,Heavy,1,4.0,1
60327,Heavy,1,4.5,1
95514,Heavy,1,4.5,1
49624,Heavy,1,5.0,1
79208,Heavy,1,4.0,1
80544,Heavy,1,4.0,1
141893,Heavy,1,4.0,1
83647,Heavy,1,4.0,1
68786,Heavy,1,2.0,1
120951,Heavy,1,5.0,1
88237,Heavy,1,5.0,1
119782,Heavy,1,4.0,1
100217,Heavy,1,5.0,1
102751,Heavy,1,3.0,1
3629,Heavy,1,2.5,1
81742,Heavy,1,5.0,1
64471,Heavy,1,5.0,1
30154,Heavy,1,4.5,1
114406,Heavy,1,4.0,1
85668,Heavy,1,5.0,1
148790,Heavy,1,3.0,1
63873,Heavy,1,3.5,1
162478,Heavy,1,4.0,1
38064,Heavy,2,4.0,2
116109,Heavy,1,5.0,1
52705,Heavy,1,2.5,1
6033,Heavy,1,5.0,1
153904,Heavy,1,4.5,1
159634,Heavy,1,4.0,1
127264,Heavy,1,4.0,1
66793,Heavy,2,4.5,2
18923,Heavy,1,3.0,1
75249,Heavy,1,4.5,1
43363,Heavy,1,5.0,1
60331,Heavy,3,2.3333333333333335,3
116760,Heavy,1,1.0,1
55029,Heavy,1,4.0,1
63625,Heavy,1,4.0,1
28676,Heavy,1,3.0,1
130061,Heavy,1,3.5,1
23253,Heavy,1,2.0,1
77896,Heavy,1,4.0,1
27455,Heavy,1,4.0,1
79671,Heavy,1,3.5,1
44863,Heavy,1,2.0,1
76681,Heavy,2,3.75,2
68857,Heavy,1,4.0,1
41540,Heavy,1,4.0,1
143174,Heavy,1,3.5,1
157727,Heavy,1,2.0,1
21219,Heavy,1,2.0,1
93040,Heavy,1,4.0,1
68866,Heavy,1,4.5,1
80681,Heavy,1,4.0,1
52468,Heavy,1,0.5,1
103041,Heavy,1,5.0,1
87803,Heavy,1,1.0,1
14273,Heavy,2,4.0,2
7079,Heavy,1,4.0,1
16422,Heavy,1,4.0,1
70842,Heavy,1,0.5,1
144248,Heavy,1,4.0,1
162511,Heavy,1,4.5,1
95944,Heavy,1,4.5,1
158420,Heavy,1,5.0,1
148373,Heavy,1,4.0,1
67680,Heavy,1,3.5,1
156523,Heavy,1,3.0,1
42278,Heavy,3,3.1666666666666665,3
64747,Heavy,1,1.5,1
110164,Heavy,2,4.0,2
27558,Heavy,1,5.0,1
70834,Heavy,1,3.0,1
103611,Heavy,2,4.5,2
120401,Heavy,1,2.0,1
43634,Heavy,4,3.5,4
58395,Heavy,2,3.0,2
54940,Heavy,1,2.5,1
27719,Heavy,1,4.0,1
149684,Heavy,1,3.0,1
134803,Heavy,1,3.0,1
24737,Heavy,3,2.0,3
71725,Heavy,1,3.0,1
90493,Heavy,1,5.0,1
100419,Heavy,1,4.0,1
111157,Heavy,1,4.0,1
145447,Heavy,1,4.5,1
77676,Heavy,1,2.5,1
106975,Heavy,1,4.0,1
23462,Heavy,1,3.0,1
30757,Heavy,1,5.0,1
139146,Heavy,2,3.75,2
72387,Heavy,1,1.5,1
859,Heavy,1,4.0,1
76875,Heavy,2,3.75,2
104813,Heavy,1,5.0,1
71378,Heavy,1,5.0,1
108596,Heavy,1,5.0,1
40838,Heavy,1,4.0,1
32317,Heavy,1,1.0,1
11295,Heavy,1,5.0,1
72058,Heavy,1,4.0,1
48338,Heavy,1,4.0,1
18918,Heavy,2,2.25,2
79577,Heavy,1,3.0,1
127371,Heavy,1,4.0,1
135999,Heavy,1,4.5,1
148720,Heavy,1,4.5,1
35211,Heavy,1,4.0,1
67572,Heavy,2,2.75,2
28224,Heavy,1,2.5,1
35748,Heavy,1,4.0,1
14149,Heavy,1,4.0,1
80019,Heavy,1,4.0,1
153735,Heavy,1,4.0,1
153496,Heavy,1,3.0,1
160730,Heavy,1,5.0,1
45025,Heavy,1,5.0,1
100811,Heavy,1,2.0,1
57648,Heavy,1,3.0,1
62275,Heavy,1,2.0,1
104038,Heavy,1,5.0,1
16552,Heavy,1,4.5,1
157898,Heavy,1,3.0,1
160553,Heavy,1,2.0,1
62441,Heavy,1,3.0,1
135059,Heavy,1,3.5,1
78853,Heavy,1,4.0,1
46151,Heavy,3,3.6666666666666665,3
43947,Heavy,1,4.0,1
82874,Heavy,1,4.0,1
27133,Heavy,1,4.0,1
130136,Heavy,1,4.0,1
18583,Heavy,1,0.5,1
61836,Heavy,2,2.5,2
128513,Heavy,1,4.0,1
116351,Heavy,1,3.0,1
45429,Heavy,1,3.5,1
22348,Heavy,1,3.0,1
47531,Heavy,1,5.0,1
124480,Heavy,1,5.0,1
36330,Heavy,1,4.0,1
85291,Heavy,1,5.0,1
111702,Heavy,2,2.75,2
154155,Heavy,1,1.5,1
30025,Heavy,4,3.875,4
14763,Heavy,2,3.0,2
37828,Heavy,1,4.0,1
14193,Heavy,1,4.5,1
642,Heavy,1,4.0,1
46252,Heavy,1,3.0,1
133956,Heavy,1,4.0,1
116221,Heavy,1,4.5,1
46954,Heavy,1,3.0,1
56551,Heavy,1,3.5,1
107093,Heavy,1,4.0,1
137856,Heavy,2,3.75,2
13033,Heavy,1,3.0,1
35003,Heavy,1,4.0,1
2509,Heavy,1,3.5,1
149766,Heavy,1,3.5,1
78811,Heavy,1,5.0,1
119657,Heavy,1,3.0,1
134049,Heavy,1,3.5,1
65686,Heavy,1,4.5,1
6021,Heavy,1,1.0,1
20308,Heavy,1,3.0,1
135852,Heavy,1,5.0,1
148260,Heavy,1,2.5,1
42402,Heavy,1,4.0,1
81017,Heavy,2,3.25,2
25570,Heavy,1,3.5,1
85121,Heavy,2,3.75,2
83665,Heavy,2,4.5,2
17106,Heavy,1,0.5,1
25443,Heavy,2,4.25,2
116568,Heavy,1,2.0,1
54898,Heavy,1,3.0,1
115077,Heavy,1,4.0,1
18483,Heavy,1,1.0,1
84232,Heavy,1,3.0,1
95860,Heavy,1,3.0,1
28408,Heavy,1,3.0,1
48539,Heavy,1,5.0,1
155194,Heavy,1,2.0,1
3687,Heavy,1,2.5,1
72045,Heavy,2,3.5,2
41214,Heavy,1,4.0,1
130587,Heavy,1,3.0,1
119176,Heavy,1,3.0,1
89874,Heavy,1,4.5,1
98457,Heavy,1,4.5,1
39693,Heavy,1,4.0,1
10596,Heavy,1,2.0,1
62602,Heavy,1,4.0,1
19580,Heavy,1,4.0,1
58567,Heavy,2,3.25,2
95895,Heavy,1,4.0,1
82305,Heavy,1,2.5,1
20429,Heavy,1,3.5,1
9148,Heavy,2,4.0,2
155880,Heavy,1,4.0,1
55141,Heavy,2,4.0,2
113024,Heavy,1,5.0,1
25094,Heavy,1,4.0,1
58198,Heavy,2,2.25,2
148122,Heavy,2,1.25,2
122902,Heavy,1,5.0,1
58995,Heavy,1,4.0,1
13020,Heavy,1,5.0,1
76890,Heavy,1,5.0,1
95886,Heavy,1,0.5,1
4371,Heavy,1,3.0,1
72032,Heavy,1,3.5,1
78655,Heavy,1,0.5,1
51708,Heavy,2,4.5,2
80989,Heavy,1,3.0,1
94718,Heavy,1,5.0,1
129011,Heavy,1,5.0,1
89425,Heavy,1,4.0,1
161271,Heavy,1,3.0,1
25668,Heavy,1,5.0,1
160270,Heavy,1,4.0,1
78933,Heavy,1,4.0,1
133741,Heavy,1,3.0,1
72951,Heavy,1,2.0,1
101009,Heavy,1,4.0,1
28819,Heavy,1,3.0,1
81183,Heavy,1,3.5,1
3992,Heavy,1,5.0,1
95440,Heavy,1,5.0,1
2225,Heavy,1,2.0,1
39502,Heavy,1,2.5,1
109458,Heavy,1,4.0,1
149034,Heavy,1,4.0,1
43087,Heavy,2,4.0,2
100642,Heavy,1,5.0,1
142986,Heavy,1,4.0,1
12513,Heavy,1,5.0,1
23962,Heavy,1,3.0,1
84896,Heavy,1,4.5,1
74866,Heavy,2,1.5,2
89879,Heavy,2,3.5,2
68285,Heavy,1,3.0,1
121089,Heavy,1,3.0,1
149026,Heavy,1,3.0,1
12954,Heavy,1,3.5,1
6668,Heavy,1,4.0,1
102860,Heavy,1,4.0,1
25476,Heavy,1,5.0,1
148149,Heavy,1,3.0,1
7099,Heavy,1,4.0,1
8467,Heavy,1,4.0,1
64816,Heavy,2,3.0,2
13697,Heavy,1,4.0,1
57494,Heavy,1,3.0,1
138337,Heavy,1,3.5,1
61128,Heavy,1,5.0,1
131809,Heavy,1,3.0,1
137808,Heavy,1,3.0,1
75090,Heavy,1,3.0,1
56919,Heavy,1,4.0,1
41327,Heavy,1,3.0,1
61432,Heavy,1,5.0,1
35135,Heavy,2,2.25,2
53588,Heavy,1,3.0,1
32682,Heavy,1,3.0,1
127044,Heavy,2,1.25,2
96914,Heavy,1,4.0,1
90127,Heavy,2,2.0,2
3778,Heavy,1,2.5,1
137652,Heavy,1,3.0,1
41156,Heavy,1,3.0,1
81114,Heavy,1,4.0,1
89458,Heavy,1,5.0,1
42492,Heavy,1,3.0,1
127342,Heavy,2,3.75,2
85709,Heavy,3,3.5,3
125963,Heavy,2,3.5,2
2136,Heavy,1,5.0,1
29313,Heavy,1,2.0,1
11020,Heavy,1,5.0,1
50925,Heavy,1,2.0,1
5865,Heavy,1,3.0,1
56745,Heavy,2,2.5,2
59923,Heavy,1,5.0,1
42795,Heavy,1,4.0,1
50394,Heavy,1,5.0,1
50093,Heavy,1,4.0,1
31751,Heavy,1,4.5,1
22070,Heavy,1,5.0,1
62125,Heavy,2,3.5,2
46705,Heavy,1,4.0,1
12392,Heavy,1,4.0,1
34817,Heavy,1,3.0,1
56226,Heavy,1,5.0,1
124748,Heavy,1,4.0,1
38561,Heavy,1,2.5,1
28805,Heavy,1,4.5,1
89739,Heavy,1,5.0,1
34349,Heavy,1,4.0,1
36960,Heavy,1,4.0,1
62877,Heavy,1,5.0,1
5738,Heavy,2,4.25,2
34554,Heavy,1,5.0,1
95673,Heavy,1,4.0,1
24515,Heavy,1,4.0,1
109978,Heavy,1,5.0,1
58955,Heavy,1,4.0,1
148090,Heavy,1,4.5,1
29233,Heavy,1,3.5,1
58885,Heavy,2,3.0,2
9852,Heavy,2,2.25,2
55197,Heavy,1,3.0,1
24721,Heavy,1,4.5,1
10651,Heavy,1,3.0,1
122061,Heavy,1,4.0,1
62071,Heavy,1,4.0,1
24587,Heavy,1,3.0,1
21022,Heavy,1,4.0,1
58275,Heavy,1,4.0,1
94710,Heavy,1,5.0,1
38894,Heavy,1,3.0,1
83475,Heavy,1,2.5,1
125510,Heavy,1,3.5,1
43261,Heavy,1,4.0,1
55313,Heavy,1,5.0,1
104308,Heavy,2,2.0,2
29104,Heavy,4,2.75,4
108432,Heavy,1,4.5,1
68067,Heavy,2,5.0,2
10409,Heavy,1,4.0,1
151707,Heavy,1,4.0,1
48686,Heavy,1,5.0,1
61656,Heavy,1,4.0,1
5989,Heavy,1,5.0,1
43628,Heavy,1,4.0,1
52524,Heavy,2,4.0,2
87657,Heavy,2,4.5,2
21651,Heavy,1,4.0,1
34231,Heavy,1,4.5,1
86737,Heavy,1,4.0,1
145179,Heavy,1,5.0,1
153118,Heavy,1,4.0,1
76116,Heavy,1,4.0,1
7174,Heavy,1,3.0,1
100154,Heavy,2,2.25,2
35349,Heavy,2,3.75,2
91297,Heavy,1,4.0,1
24969,Heavy,1,3.5,1
48845,Heavy,1,3.0,1
119531,Heavy,1,5.0,1
129834,Heavy,1,4.0,1
81159,Heavy,2,3.25,2
6779,Heavy,1,5.0,1
79350,Heavy,1,5.0,1
28430,Heavy,1,2.0,1
6876,Heavy,1,4.0,1
134184,Heavy,1,3.5,1
154486,Heavy,1,4.0,1
24263,Heavy,2,3.0,2
35175,Heavy,1,2.5,1
85214,Heavy,1,5.0,1
112036,Heavy,1,5.0,1
101222,Heavy,1,4.0,1
82913,Heavy,1,4.0,1
34178,Heavy,1,3.0,1
56034,Heavy,1,3.5,1
123118,Heavy,1,4.0,1
31289,Heavy,1,5.0,1
85428,Heavy,1,4.0,1
76203,Heavy,1,3.5,1
38991,Heavy,2,3.75,2
128590,Heavy,1,3.5,1
12644,Heavy,1,4.5,1
33879,Heavy,1,3.0,1
93551,Heavy,1,4.5,1
27760,Heavy,1,3.0,1
38874,Heavy,1,3.0,1
35950,Heavy,2,3.75,2
122746,Heavy,1,3.0,1
46740,Heavy,3,3.3333333333333335,3
64961,Heavy,1,4.0,1
35811,Heavy,2,2.75,2
27766,Heavy,2,4.5,2
64072,Heavy,1,4.0,1
123689,Heavy,1,3.0,1
81068,Heavy,3,4.0,3
45237,Heavy,1,3.5,1
153193,Heavy,2,2.75,2
23666,Heavy,1,1.0,1
153151,Heavy,1,4.0,1
860,Heavy,1,1.5,1
41831,Heavy,2,3.5,2
17427,Heavy,1,4.0,1
54749,Heavy,1,4.0,1
90243,Heavy,2,2.25,2
9697,Heavy,1,5.0,1
138918,Heavy,1,4.0,1
58199,Heavy,3,4.0,3
14375,Heavy,4,3.25,4
49998,Heavy,3,2.5,3
154890,Heavy,1,5.0,1
30657,Heavy,1,4.0,1
67622,Heavy,1,5.0,1
134404,Heavy,1,4.0,1
62829,Heavy,1,4.0,1
119884,Heavy,1,3.0,1
70992,Heavy,1,5.0,1
82198,Heavy,2,2.75,2
63132,Heavy,1,5.0,1
62737,Heavy,2,1.75,2
78713,Heavy,2,4.25,2
34166,Heavy,1,4.0,1
161382,Heavy,2,4.25,2
139386,Heavy,1,3.5,1
119098,Heavy,1,4.0,1
25875,Heavy,4,4.25,4
119239,Heavy,1,3.5,1
49010,Heavy,1,3.5,1
158086,Heavy,1,3.0,1
19209,Heavy,1,5.0,1
51961,Heavy,1,2.5,1
117795,Heavy,1,4.5,1
18942,Heavy,1,5.0,1
20275,Heavy,1,2.5,1
80122,Heavy,1,1.0,1
146446,Heavy,1,4.0,1
97074,Heavy,1,2.5,1
7571,Heavy,1,3.5,1
61059,Heavy,2,4.25,2
11110,Heavy,2,2.5,2
10633,Heavy,1,3.0,1
98389,Heavy,1,4.5,1
12669,Heavy,1,2.0,1
56589,Heavy,1,4.0,1
73573,Heavy,1,4.5,1
45766,Heavy,1,3.0,1
122483,Heavy,1,4.0,1
160,Heavy,1,4.5,1
28685,Heavy,1,5.0,1
121652,Heavy,1,5.0,1
56512,Heavy,1,5.0,1
41579,Heavy,1,2.0,1
108942,Heavy,1,4.0,1
58935,Heavy,1,4.0,1
149397,Heavy,1,4.5,1
47280,Heavy,2,3.25,2
144744,Heavy,1,3.0,1
125991,Heavy,1,4.0,1
52195,Heavy,1,5.0,1
156217,Heavy,2,3.25,2
76453,Heavy,1,4.0,1
43085,Heavy,1,4.5,1
116939,Heavy,3,2.6666666666666665,3
69058,Heavy,1,4.0,1
123607,Heavy,1,1.0,1
133155,Heavy,1,4.0,1
44633,Heavy,1,4.0,1
30177,Heavy,1,3.0,1
29021,Heavy,2,4.0,2
129488,Heavy,1,3.5,1
35174,Heavy,1,5.0,1
84199,Heavy,1,2.0,1
64606,Heavy,2,3.0,2
111795,Heavy,1,5.0,1
75589,Heavy,2,3.5,2
59975,Heavy,1,3.0,1
33703,Heavy,1,3.0,1
72066,Heavy,1,3.5,1
59106,Heavy,1,4.5,1
116831,Heavy,1,5.0,1
36571,Heavy,1,1.0,1
116948,Heavy,1,4.5,1
83086,Heavy,1,4.0,1
23306,Heavy,1,4.5,1
24642,Heavy,1,3.0,1
158270,Heavy,1,4.0,1
17580,Heavy,1,5.0,1
144825,Heavy,1,4.5,1
63195,Heavy,1,3.0,1
6854,Heavy,1,0.5,1
103342,Heavy,1,0.5,1
22937,Heavy,1,4.0,1
147301,Heavy,2,3.5,2
72645,Heavy,1,2.0,1
83707,Heavy,1,4.0,1
18966,Heavy,1,2.5,1
116956,Heavy,1,3.0,1
136737,Heavy,2,3.75,2
52122,Heavy,1,4.0,1
158837,Heavy,1,3.0,1
18093,Heavy,1,2.5,1
78500,Heavy,1,3.0,1
924,Heavy,1,3.0,1
16965,Heavy,1,2.0,1
125349,Heavy,1,4.0,1
47277,Heavy,2,4.0,2
124601,Heavy,1,4.0,1
144676,Heavy,1,4.0,1
61379,Heavy,1,4.0,1
22052,Heavy,1,3.0,1
82187,Heavy,2,3.0,2
29465,Heavy,1,4.0,1
20920,Heavy,1,3.0,1
120867,Heavy,2,2.5,2
57859,Heavy,1,1.5,1
145742,Heavy,1,4.0,1
156975,Heavy,2,3.5,2
143207,Heavy,1,3.0,1
112780,Heavy,1,4.0,1
114197,Heavy,1,3.0,1
45572,Heavy,1,4.5,1
159951,Heavy,1,3.0,1
13446,Heavy,1,4.0,1
150657,Heavy,2,2.0,2
104262,Heavy,1,5.0,1
32028,Heavy,1,4.5,1
22694,Heavy,1,3.0,1
154762,Heavy,1,3.0,1
8773,Heavy,2,4.5,2
46276,Heavy,1,4.0,1
10416,Heavy,2,4.0,2
152851,Heavy,1,3.5,1
111266,Heavy,1,4.0,1
114833,Heavy,1,4.0,1
145970,Heavy,2,4.0,2
19700,Heavy,1,4.5,1
84597,Heavy,1,3.0,1
42916,Heavy,2,4.5,2
82168,Heavy,1,3.0,1
116592,Heavy,1,0.5,1
52539,Heavy,1,5.0,1
494,Heavy,1,4.0,1
103690,Heavy,1,4.5,1
42498,Heavy,1,3.0,1
53068,Heavy,1,3.5,1
72649,Heavy,1,3.5,1
146084,Heavy,1,4.0,1
57320,Heavy,1,3.5,1
18551,Heavy,1,4.5,1
86097,Heavy,1,2.0,1
147801,Heavy,2,2.5,2
52743,Heavy,1,4.0,1
7539,Heavy,1,1.0,1
91187,Heavy,1,3.5,1
127821,Heavy,1,4.0,1
64440,Heavy,1,5.0,1
18979,Heavy,1,3.0,1
34417,Heavy,1,4.0,1
147571,Heavy,1,3.0,1
15474,Heavy,1,1.5,1
23837,Heavy,1,4.5,1
106887,Heavy,1,4.5,1
157388,Heavy,1,5.0,1
28459,Heavy,1,2.0,1
84293,Heavy,1,4.0,1
99003,Heavy,1,3.0,1
62473,Heavy,1,5.0,1
43264,Heavy,1,4.5,1
141422,Heavy,3,3.5,3
39524,Heavy,1,3.5,1
12012,Heavy,1,3.0,1
107213,Heavy,1,4.0,1
13399,Heavy,1,3.5,1
14091,Heavy,1,4.0,1
17520,Heavy,1,3.5,1
78156,Heavy,2,3.5,2
105358,Heavy,1,5.0,1
148877,Heavy,1,1.0,1
38588,Heavy,3,3.1666666666666665,3
85951,Heavy,1,4.0,1
123883,Heavy,1,2.0,1
142367,Heavy,1,3.5,1
442,Heavy,1,2.5,1
21795,Heavy,1,4.0,1
55457,Heavy,1,4.0,1
33361,Heavy,1,4.0,1
129071,Heavy,1,4.5,1
34186,Heavy,1,3.0,1
78304,Heavy,1,4.0,1
18066,Heavy,1,4.0,1
46880,Heavy,1,5.0,1
155608,Heavy,1,3.0,1
75157,Heavy,1,2.5,1
86625,Heavy,1,3.5,1
134158,Heavy,1,5.0,1
147345,Heavy,1,4.5,1
91055,Heavy,1,2.0,1
73594,Heavy,1,2.0,1
148905,Heavy,1,3.0,1
94119,Heavy,1,3.0,1
6666,Heavy,1,2.0,1
55542,Heavy,1,3.5,1
23003,Heavy,2,4.0,2
141730,Heavy,1,2.0,1
90560,Heavy,1,4.0,1
22378,Heavy,1,4.0,1
36912,Heavy,1,4.0,1
34768,Heavy,1,3.5,1
15874,Heavy,1,4.0,1
43744,Heavy,1,1.5,1
41657,Heavy,1,3.5,1
103337,Heavy,1,5.0,1
24421,Heavy,1,4.5,1
37636,Heavy,1,3.0,1
33646,Heavy,1,4.0,1
86102,Heavy,1,4.0,1
35464,Heavy,1,5.0,1
27824,Heavy,1,2.5,1
87869,Heavy,1,3.0,1
98689,Heavy,1,4.0,1
156116,Heavy,1,3.5,1
118964,Heavy,2,2.0,2
65332,Heavy,1,5.0,1
40138,Heavy,1,5.0,1
47783,Heavy,1,4.0,1
110573,Heavy,1,3.5,1
81479,Heavy,1,2.5,1
158302,Heavy,1,5.0,1
77174,Heavy,1,4.0,1
65010,Heavy,1,3.5,1
158028,Heavy,1,4.5,1
44530,Heavy,1,3.0,1
139025,Heavy,1,2.0,1
69016,Heavy,1,1.0,1
111613,Heavy,1,0.5,1
40032,Heavy,1,2.5,1
97075,Heavy,1,3.0,1
8461,Heavy,1,4.5,1
105673,Heavy,1,0.5,1
138728,Heavy,1,5.0,1
121997,Heavy,1,4.0,1
79766,Heavy,2,3.25,2
133002,Heavy,1,3.0,1
58508,Heavy,1,2.0,1
75791,Heavy,2,4.5,2
107686,Heavy,1,4.0,1
30879,Heavy,5,2.3,5
148748,Heavy,1,3.5,1
72162,Heavy,2,4.75,2
139954,Heavy,1,2.0,1
92663,Heavy,1,2.5,1
103883,Heavy,1,3.5,1
97779,Heavy,1,5.0,1
103966,Heavy,1,1.0,1
122135,Heavy,1,3.5,1
139881,Heavy,1,5.0,1
37097,Heavy,3,2.6666666666666665,3
2269,Heavy,1,5.0,1
32175,Heavy,1,2.5,1
74551,Heavy,1,3.5,1
81043,Heavy,1,4.0,1
87361,Heavy,1,4.5,1
122759,Heavy,1,4.5,1
162482,Heavy,1,4.5,1
140936,Heavy,1,3.0,1
31839,Heavy,1,4.0,1
6860,Heavy,2,4.0,2
136310,Heavy,2,3.25,2
15501,Heavy,1,4.0,1
50385,Heavy,1,3.0,1
50369,Heavy,1,5.0,1
6177,Heavy,1,4.0,1
139012,Heavy,1,5.0,1
84676,Heavy,1,5.0,1
105039,Heavy,2,2.25,2
147415,Heavy,1,3.5,1
98194,Heavy,1,4.0,1
42516,Heavy,2,3.75,2
32398,Heavy,2,4.25,2
66273,Heavy,1,4.0,1
112664,Heavy,1,4.0,1
14175,Heavy,1,4.0,1
10486,Heavy,1,4.0,1
9620,Heavy,1,2.0,1
117027,Heavy,1,3.0,1
160826,Heavy,1,4.5,1
57688,Heavy,3,3.1666666666666665,3
120098,Heavy,1,3.0,1
20311,Heavy,1,4.0,1
65612,Heavy,2,3.0,2
161486,Heavy,1,4.0,1
14965,Heavy,1,3.0,1
88232,Heavy,1,4.0,1
105484,Heavy,1,4.0,1
154040,Heavy,1,4.0,1
69572,Heavy,2,1.5,2
31263,Heavy,1,3.0,1
58263,Heavy,1,3.0,1
148121,Heavy,1,4.0,1
48217,Heavy,2,4.25,2
108724,Heavy,1,4.0,1
11276,Heavy,1,5.0,1
87742,Heavy,1,5.0,1
128409,Heavy,1,4.0,1
92096,Heavy,1,3.0,1
36671,Heavy,2,2.75,2
70393,Heavy,1,1.0,1
122655,Heavy,2,4.0,2
78411,Heavy,2,4.0,2
122890,Heavy,1,3.5,1
55903,Heavy,1,3.0,1
18017,Heavy,2,1.25,2
56366,Heavy,2,2.5,2
145231,Heavy,1,3.0,1
51756,Heavy,1,5.0,1
116929,Heavy,1,3.0,1
135376,Heavy,2,3.5,2
27451,Heavy,1,4.0,1
64553,Heavy,1,4.0,1
119496,Heavy,1,5.0,1
9325,Heavy,1,3.0,1
9116,Heavy,2,4.0,2
161001,Heavy,1,5.0,1
105069,Heavy,1,3.5,1
124467,Heavy,1,5.0,1
158927,Heavy,1,5.0,1
4096,Heavy,2,3.0,2
26016,Heavy,1,2.5,1
33916,Heavy,1,5.0,1
89512,Heavy,1,3.0,1
49513,Heavy,1,3.5,1
39742,Heavy,2,2.25,2
40654,Heavy,1,4.0,1
151911,Heavy,1,4.0,1
77449,Heavy,1,4.0,1
158704,Heavy,1,3.0,1
42127,Heavy,1,4.0,1
26197,Heavy,1,4.0,1
90419,Heavy,1,0.5,1
30959,Heavy,1,2.0,1
18548,Heavy,2,5.0,2
93111,Heavy,2,4.5,2
129913,Heavy,1,4.0,1
47001,Heavy,1,3.5,1
5531,Heavy,1,5.0,1
45049,Heavy,1,3.0,1
134895,Heavy,1,4.0,1
17824,Heavy,1,4.0,1
35620,Heavy,1,3.5,1
115102,Heavy,1,1.5,1
82028,Heavy,1,2.0,1
46451,Heavy,2,4.0,2
144905,Heavy,1,4.0,1
64366,Heavy,1,4.0,1
98471,Heavy,1,3.0,1
126485,Heavy,1,5.0,1
47688,Heavy,1,4.5,1
1894,Heavy,1,5.0,1
88367,Heavy,3,2.8333333333333335,3
11953,Heavy,1,4.0,1
46202,Heavy,3,3.6666666666666665,3
41910,Heavy,1,5.0,1
13829,Heavy,1,3.0,1
133491,Heavy,1,4.0,1
93245,Heavy,1,5.0,1
4949,Heavy,1,4.0,1
2306,Heavy,1,3.5,1
82602,Heavy,1,4.5,1
124015,Heavy,1,3.0,1
81576,Heavy,1,3.0,1
87396,Heavy,1,5.0,1
25945,Heavy,1,5.0,1
626,Heavy,1,4.5,1
60448,Heavy,1,5.0,1
919,Heavy,2,4.25,2
39208,Heavy,1,1.0,1
110156,Heavy,1,3.5,1
87347,Heavy,1,3.0,1
85744,Heavy,1,4.0,1
105384,Heavy,1,4.5,1
51279,Heavy,1,4.0,1
51171,Heavy,1,5.0,1
90965,Heavy,1,3.0,1
56481,Heavy,1,2.0,1
118256,Heavy,1,3.0,1
58272,Heavy,1,2.5,1
142282,Heavy,1,4.0,1
33444,Heavy,1,4.5,1
15797,Heavy,1,4.0,1
76806,Heavy,1,4.0,1
68948,Heavy,1,4.0,1
71783,Heavy,1,4.0,1
75970,Heavy,1,4.0,1
12952,Heavy,3,4.333333333333333,3
13783,Heavy,1,2.5,1
29791,Heavy,1,3.0,1
148409,Heavy,1,2.5,1
100702,Heavy,1,3.5,1
14139,Heavy,2,3.0,2
81203,Heavy,1,4.5,1
60075,Heavy,2,3.5,2
114521,Heavy,1,5.0,1
139953,Heavy,1,4.0,1
19462,Heavy,1,4.5,1
47924,Heavy,1,4.0,1
33604,Heavy,1,4.0,1
25679,Heavy,1,5.0,1
81821,Heavy,1,5.0,1
22664,Heavy,1,5.0,1
109883,Heavy,1,4.5,1
88689,Heavy,1,3.0,1
82273,Heavy,1,4.0,1
44782,Heavy,1,2.0,1
118674,Heavy,1,2.0,1
13978,Heavy,1,4.5,1
124397,Heavy,1,4.0,1
77476,Heavy,1,2.0,1
142817,Heavy,2,3.25,2
60856,Heavy,2,4.5,2
64866,Heavy,1,0.5,1
61447,Heavy,1,5.0,1
113058,Heavy,1,4.0,1
74494,Heavy,1,4.0,1
31790,Heavy,1,3.0,1
99070,Heavy,2,2.5,2
97915,Heavy,1,2.5,1
450,Heavy,1,3.5,1
105424,Heavy,1,3.5,1
10084,Heavy,2,2.5,2
20826,Heavy,1,3.5,1
11851,Heavy,1,5.0,1
43431,Heavy,1,1.0,1
48992,Heavy,1,3.0,1
137276,Heavy,1,4.0,1
60890,Heavy,1,4.0,1
111144,Heavy,1,4.5,1
86014,Heavy,1,4.0,1
60821,Heavy,1,3.0,1
77080,Heavy,1,4.0,1
139999,Heavy,1,5.0,1
125624,Heavy,1,2.5,1
41162,Heavy,1,5.0,1
1854,Heavy,1,4.0,1
90779,Heavy,1,3.0,1
82961,Heavy,1,4.0,1
31322,Heavy,1,5.0,1
74783,Heavy,1,5.0,1
20593,Heavy,2,3.5,2
45831,Heavy,1,4.0,1
141800,Heavy,1,4.5,1
77552,Heavy,1,3.0,1
24419,Heavy,1,5.0,1
31933,Heavy,1,3.5,1
79848,Heavy,1,2.0,1
29591,Heavy,2,4.5,2
11487,Heavy,1,5.0,1
154264,Heavy,1,4.0,1
74181,Heavy,1,3.5,1
50651,Heavy,2,3.5,2
69023,Heavy,1,4.0,1
117120,Heavy,1,5.0,1
18769,Heavy,1,2.5,1
14723,Heavy,1,2.5,1
146207,Heavy,1,5.0,1
38258,Heavy,1,4.5,1
75193,Heavy,1,3.0,1
30391,Heavy,1,5.0,1
75823,Heavy,1,3.5,1
19108,Heavy,1,3.0,1
27263,Heavy,3,3.3333333333333335,3
25562,Heavy,1,4.0,1
16420,Heavy,1,4.0,1
62585,Heavy,1,3.5,1
79197,Heavy,1,3.0,1
121728,Heavy,1,4.0,1
148095,Heavy,1,3.0,1
44215,Heavy,1,2.5,1
145363,Heavy,1,3.5,1
130792,Heavy,1,1.0,1
5659,Heavy,1,4.0,1
45377,Heavy,2,2.5,2
21934,Heavy,1,5.0,1
67651,Heavy,1,4.0,1
97890,Heavy,1,3.5,1
140466,Heavy,1,4.0,1
111087,Heavy,1,3.0,1
60971,Heavy,3,3.8333333333333335,3
42661,Heavy,1,3.0,1
12373,Heavy,3,3.8333333333333335,3
139768,Heavy,1,0.5,1
98190,Heavy,1,4.5,1
39236,Heavy,1,2.0,1
55285,Heavy,1,5.0,1
44538,Heavy,1,2.0,1
6143,Heavy,1,3.0,1
3517,Heavy,2,2.5,2
16265,Heavy,3,2.8333333333333335,3
54249,Heavy,1,4.5,1
72616,Heavy,1,4.0,1
119775,Heavy,1,3.0,1
55976,Heavy,1,4.5,1
16276,Heavy,1,4.0,1
131371,Heavy,1,5.0,1
111851,Heavy,1,3.5,1
19945,Heavy,2,1.75,2
44208,Heavy,2,1.25,2
3276,Heavy,1,3.0,1
102693,Heavy,1,4.0,1
13455,Heavy,1,4.5,1
35578,Heavy,1,5.0,1
4753,Heavy,1,3.0,1
690,Heavy,1,3.0,1
155638,Heavy,1,2.5,1
112035,Heavy,1,4.0,1
8111,Heavy,1,5.0,1
59345,Heavy,1,4.5,1
100510,Heavy,1,3.0,1
41928,Heavy,1,4.0,1
64352,Heavy,1,4.0,1
36741,Heavy,1,4.0,1
61497,Heavy,1,5.0,1
38862,Heavy,3,4.333333333333333,3
143328,Heavy,1,3.0,1
90290,Heavy,1,3.0,1
9718,Heavy,1,5.0,1
18352,Heavy,1,5.0,1
139435,Heavy,1,4.0,1
118335,Heavy,1,4.0,1
42029,Heavy,1,3.0,1
130751,Heavy,1,3.0,1
21629,Heavy,1,2.5,1
56914,Heavy,1,5.0,1
80216,Heavy,1,5.0,1
18563,Heavy,1,5.0,1
105683,Heavy,1,4.0,1
117532,Heavy,1,4.0,1
57947,Heavy,1,4.0,1
143529,Heavy,1,4.0,1
65492,Heavy,1,3.0,1
72276,Heavy,3,3.8333333333333335,3
10046,Heavy,1,5.0,1
106468,Heavy,1,4.0,1
3016,Heavy,1,5.0,1
37317,Heavy,2,4.0,2
108798,Heavy,1,2.5,1
15771,Heavy,1,3.0,1
130718,Heavy,1,2.0,1
144475,Heavy,1,0.5,1
23334,Heavy,1,4.0,1
22875,Heavy,1,3.0,1
146693,Heavy,2,5.0,2
157804,Heavy,4,4.0,4
512,Heavy,1,4.0,1
6285,Heavy,1,2.0,1
112362,Heavy,1,4.5,1
86471,Heavy,1,3.0,1
80740,Heavy,1,4.0,1
48508,Heavy,1,0.5,1
150986,Heavy,1,3.5,1
83371,Heavy,1,4.0,1
50573,Heavy,1,4.0,1
59182,Heavy,1,3.0,1
75042,Heavy,1,3.0,1
18637,Heavy,1,3.0,1
37713,Heavy,2,3.5,2
120653,Heavy,1,2.5,1
63696,Heavy,1,3.0,1
109719,Heavy,1,4.0,1
21006,Heavy,1,4.0,1
7462,Heavy,1,4.0,1
22005,Heavy,1,3.0,1
14056,Heavy,1,5.0,1
9698,Heavy,1,2.5,1
27078,Heavy,1,5.0,1
87912,Heavy,1,5.0,1
84529,Heavy,1,2.0,1
87284,Heavy,1,5.0,1
42269,Heavy,1,3.5,1
158116,Heavy,1,3.0,1
132493,Heavy,1,1.0,1
102765,Heavy,1,4.0,1
100151,Heavy,1,4.5,1
90365,Heavy,1,4.0,1
19701,Heavy,1,4.0,1
97042,Heavy,1,3.0,1
110092,Heavy,1,4.0,1
31641,Heavy,1,3.0,1
63995,Heavy,1,5.0,1
98515,Heavy,1,4.0,1
67361,Heavy,1,5.0,1
36077,Heavy,1,4.0,1
33191,Heavy,1,5.0,1
113328,Heavy,1,2.5,1
96428,Heavy,1,2.5,1
32161,Heavy,1,4.0,1
81291,Heavy,1,3.0,1
13221,Heavy,1,4.0,1
128358,Heavy,1,4.5,1
11852,Heavy,1,4.0,1
103186,Heavy,2,3.75,2
30217,Heavy,1,3.5,1
18426,Heavy,2,3.5,2
10230,Heavy,1,5.0,1
138548,Heavy,1,2.5,1
85196,Heavy,1,4.5,1
134985,Heavy,1,4.5,1
15506,Heavy,1,2.0,1
81185,Heavy,1,4.0,1
57453,Heavy,1,4.0,1
27102,Heavy,1,3.5,1
100836,Heavy,1,4.5,1
18995,Heavy,3,1.6666666666666667,3
9478,Heavy,1,1.5,1
78294,Heavy,1,5.0,1
55516,Heavy,2,5.0,2
82553,Heavy,1,3.0,1
41892,Heavy,1,3.5,1
134392,Heavy,1,4.0,1
126214,Heavy,1,3.5,1
110971,Heavy,1,2.5,1
42909,Heavy,1,3.0,1
111483,Heavy,1,5.0,1
21123,Heavy,2,3.25,2
98455,Heavy,2,3.75,2
58705,Heavy,1,4.5,1
149022,Heavy,1,3.0,1
107599,Heavy,1,2.5,1
17886,Heavy,1,1.0,1
41131,Heavy,1,4.0,1
57487,Heavy,1,4.0,1
88110,Heavy,1,3.5,1
150764,Heavy,1,4.0,1
77278,Heavy,1,4.0,1
29102,Heavy,1,4.0,1
10304,Heavy,2,4.25,2
134473,Heavy,1,3.5,1
86619,Heavy,1,2.0,1
82410,Heavy,1,3.5,1
29640,Heavy,1,3.0,1
113434,Heavy,1,2.5,1
73902,Heavy,1,5.0,1
49478,Heavy,2,3.25,2
72739,Heavy,1,4.0,1
4724,Heavy,1,4.0,1
70269,Heavy,1,5.0,1
99547,Heavy,2,2.5,2
28641,Heavy,1,4.0,1
72953,Heavy,1,3.0,1
61687,Heavy,2,4.0,2
67638,Heavy,1,4.5,1
23475,Heavy,1,3.5,1
50516,Heavy,1,3.5,1
53384,Heavy,3,3.0,3
32710,Heavy,1,4.0,1
138362,Heavy,1,3.0,1
5213,Heavy,2,2.0,2
22855,Heavy,1,5.0,1
147756,Heavy,1,4.0,1
67503,Heavy,1,4.0,1
117192,Heavy,1,4.5,1
21458,Heavy,1,4.0,1
74425,Heavy,1,4.0,1
54884,Heavy,1,5.0,1
53773,Heavy,1,5.0,1
14540,Heavy,1,4.0,1
83368,Heavy,1,5.0,1
109459,Heavy,1,5.0,1
127360,Heavy,1,3.5,1
128996,Heavy,1,3.5,1
67037,Heavy,1,4.0,1
57790,Heavy,1,4.5,1
76584,Heavy,1,2.5,1
136685,Heavy,1,5.0,1
81707,Heavy,1,4.0,1
71944,Heavy,1,3.5,1
26711,Heavy,1,4.0,1
91056,Heavy,2,4.25,2
113182,Heavy,1,4.0,1
160014,Heavy,1,3.0,1
31147,Heavy,1,4.0,1
23674,Heavy,1,3.5,1
75118,Heavy,1,3.0,1
57548,Heavy,1,0.5,1
2915,Heavy,1,2.0,1
12000,Heavy,1,3.0,1
94242,Heavy,1,4.0,1
47963,Heavy,1,3.5,1
8654,Heavy,1,3.0,1
30961,Heavy,1,4.0,1
98158,Heavy,1,3.5,1
101630,Heavy,1,2.0,1
99866,Heavy,1,4.0,1
75186,Heavy,1,2.5,1
33815,Heavy,1,4.5,1
8369,Heavy,1,4.5,1
38301,Heavy,1,3.5,1
147409,Heavy,1,5.0,1
27040,Heavy,1,3.5,1
119886,Heavy,1,3.5,1
112738,Heavy,2,4.0,2
58189,Heavy,1,3.0,1
112124,Heavy,1,4.0,1
37148,Heavy,1,4.0,1
103243,Heavy,1,2.0,1
15540,Heavy,1,4.0,1
138620,Heavy,1,4.0,1
74209,Heavy,2,2.5,2
58183,Heavy,1,4.0,1
12458,Heavy,1,4.5,1
34953,Heavy,2,4.0,2
108819,Heavy,1,4.5,1
75210,Heavy,1,4.0,1
26379,Heavy,1,4.5,1
154664,Heavy,1,4.0,1
52025,Heavy,1,4.0,1
137183,Heavy,1,3.0,1
2601,Heavy,1,5.0,1
153929,Heavy,1,5.0,1
122510,Heavy,1,4.0,1
124219,Heavy,1,2.5,1
20365,Heavy,1,4.5,1
85805,Heavy,1,3.0,1
111611,Heavy,1,2.5,1
75350,Heavy,1,3.5,1
161397,Heavy,1,2.0,1
52326,Heavy,2,3.75,2
13029,Heavy,2,2.5,2
125869,Heavy,1,4.0,1
67564,Heavy,1,3.5,1
29734,Heavy,1,1.0,1
36415,Heavy,1,4.5,1
49157,Heavy,1,5.0,1
159096,Heavy,1,3.5,1
106360,Heavy,1,3.0,1
999,Heavy,1,5.0,1
16367,Heavy,1,3.5,1
68940,Heavy,1,3.0,1
162287,Heavy,1,3.5,1
25421,Heavy,1,4.0,1
3417,Heavy,1,3.0,1
63809,Heavy,1,4.0,1
149017,Heavy,1,2.0,1
156775,Heavy,1,3.0,1
71545,Heavy,2,3.75,2
84450,Heavy,1,5.0,1
19416,Heavy,1,3.0,1
11951,Heavy,1,4.0,1
17738,Heavy,1,2.0,1
137377,Heavy,1,5.0,1
53686,Heavy,1,2.0,1
137320,Heavy,1,5.0,1
81090,Heavy,1,0.5,1
85366,Heavy,1,4.0,1
105409,Heavy,1,4.0,1
116035,Heavy,1,4.0,1
77013,Heavy,1,2.0,1
88825,Heavy,2,3.5,2
136837,Heavy,1,4.0,1
147841,Heavy,1,4.0,1
46127,Heavy,1,3.0,1
135585,Heavy,1,3.0,1
29101,Heavy,1,4.0,1
39544,Heavy,2,3.5,2
142350,Heavy,1,4.0,1
42998,Heavy,1,4.5,1
124957,Heavy,1,5.0,1
123055,Heavy,1,2.5,1
57439,Heavy,2,2.5,2
62707,Heavy,2,3.25,2
82339,Heavy,1,1.0,1
96724,Heavy,1,3.0,1
80615,Heavy,1,4.0,1
8029,Heavy,1,3.0,1
17193,Heavy,1,4.0,1
32037,Heavy,1,3.0,1
99778,Heavy,1,3.5,1
84569,Heavy,1,3.0,1
59113,Heavy,2,3.5,2
115907,Heavy,1,3.5,1
41686,Heavy,1,3.0,1
68318,Heavy,1,3.0,1
87927,Heavy,1,4.5,1
115419,Heavy,1,4.5,1
78530,Heavy,1,3.5,1
27746,Heavy,1,3.0,1
88600,Heavy,1,4.5,1
30958,Heavy,1,3.5,1
150964,Heavy,1,3.5,1
83877,Heavy,1,3.5,1
90897,Heavy,1,3.0,1
60553,Heavy,1,3.5,1
136555,Heavy,1,1.0,1
71093,Heavy,1,1.0,1
152237,Heavy,1,4.5,1
64563,Heavy,2,4.0,2
27039,Heavy,1,4.0,1
49896,Heavy,1,3.0,1
45371,Heavy,1,5.0,1
152521,Heavy,1,4.0,1
136782,Heavy,1,4.0,1
106985,Heavy,1,3.5,1
19335,Heavy,1,2.5,1
43760,Heavy,1,4.0,1
9470,Heavy,1,3.5,1
19741,Heavy,1,3.0,1
136730,Heavy,1,3.5,1
50450,Heavy,1,4.5,1
79169,Heavy,1,3.5,1
102453,Heavy,1,3.0,1
1281,Heavy,1,2.5,1
120154,Heavy,1,4.0,1
133400,Heavy,2,3.5,2
124840,Heavy,1,3.0,1
28357,Heavy,1,3.0,1
160356,Heavy,1,3.0,1
145956,Heavy,1,4.0,1
87052,Heavy,1,3.0,1
76180,Heavy,1,2.5,1
65783,Heavy,1,4.0,1
107441,Heavy,1,4.0,1
94461,Heavy,1,4.0,1
18165,Heavy,2,3.0,2
4893,Heavy,2,3.25,2
23787,Heavy,1,1.0,1
34729,Heavy,1,4.0,1
36644,Heavy,1,4.0,1
25560,Heavy,1,3.0,1
81765,Heavy,1,4.0,1
138163,Heavy,1,3.0,1
22184,Heavy,1,4.0,1
80370,Heavy,1,2.5,1
15004,Heavy,1,4.0,1
49834,Heavy,1,5.0,1
48586,Heavy,1,4.0,1
119358,Heavy,1,2.5,1
100898,Heavy,1,3.5,1
119676,Heavy,1,3.0,1
38536,Heavy,1,3.5,1
150385,Heavy,1,4.0,1
30586,Heavy,1,3.0,1
71415,Heavy,1,2.0,1
71356,Heavy,1,3.0,1
107140,Heavy,2,2.0,2
37214,Heavy,2,4.5,2
18121,Heavy,1,2.0,1
109826,Heavy,2,3.75,2
45186,Heavy,1,4.5,1
57423,Heavy,1,2.0,1
77309,Heavy,1,1.5,1
12886,Heavy,1,4.0,1
96040,Heavy,1,4.0,1
15845,Heavy,1,4.0,1
8511,Heavy,1,3.5,1
161427,Heavy,1,2.0,1
68127,Heavy,1,2.0,1
150301,Heavy,1,2.5,1
26683,Heavy,1,4.0,1
57343,Heavy,1,4.0,1
125550,Heavy,1,1.0,1
89616,Heavy,1,5.0,1
7784,Heavy,2,3.25,2
9701,Heavy,1,4.5,1
35573,Heavy,1,4.5,1
64209,Heavy,1,2.5,1
2161,Heavy,1,4.5,1
124913,Heavy,1,4.5,1
44818,Heavy,1,5.0,1
133453,Heavy,1,3.0,1
9648,Heavy,2,3.5,2
67590,Heavy,1,4.0,1
14201,Heavy,1,0.5,1
137013,Heavy,1,4.0,1
57145,Heavy,1,4.0,1
149492,Heavy,1,4.5,1
39970,Heavy,1,1.0,1
123191,Heavy,1,5.0,1
103983,Heavy,1,5.0,1
107949,Heavy,1,5.0,1
75309,Heavy,4,5.0,4
40423,Heavy,1,2.5,1
128579,Heavy,1,4.0,1
116442,Heavy,1,3.5,1
65981,Heavy,2,3.75,2
42125,Heavy,1,4.0,1
113962,Heavy,1,4.0,1
74166,Heavy,1,0.5,1
155837,Heavy,1,3.0,1
29679,Heavy,1,2.0,1
103043,Heavy,1,4.5,1
11970,Heavy,1,2.5,1
19765,Heavy,1,3.5,1
101025,Heavy,1,4.5,1
32743,Heavy,1,2.5,1
3702,Heavy,1,3.0,1
144661,Heavy,1,4.5,1
45825,Heavy,1,4.0,1
93008,Heavy,1,4.0,1
82542,Heavy,2,3.0,2
7298,Heavy,2,4.25,2
15753,Heavy,1,5.0,1
90744,Heavy,1,4.0,1
73779,Heavy,1,4.5,1
5572,Heavy,1,3.5,1
67631,Heavy,1,3.0,1
48814,Heavy,1,5.0,1
36972,Heavy,1,0.5,1
24692,Heavy,4,3.125,4
24377,Heavy,1,4.0,1
27296,Heavy,1,5.0,1
109215,Heavy,1,3.0,1
2934,Heavy,1,2.0,1
16158,Heavy,1,3.0,1
143497,Heavy,1,3.5,1
74286,Heavy,1,3.0,1
74898,Heavy,1,4.0,1
88165,Heavy,1,5.0,1
137160,Heavy,1,4.0,1
160265,Heavy,1,3.0,1
115934,Heavy,1,3.0,1
82641,Heavy,1,3.5,1
141559,Heavy,1,5.0,1
10744,Heavy,1,1.5,1
64420,Heavy,1,3.0,1
124134,Heavy,1,3.0,1
147086,Heavy,1,5.0,1
125483,Heavy,1,3.0,1
149113,Heavy,1,4.0,1
77186,Heavy,1,4.0,1
25856,Heavy,1,3.0,1
18808,Heavy,1,4.0,1
39194,Heavy,1,3.0,1
156891,Heavy,1,0.5,1
144743,Heavy,1,3.5,1
133219,Heavy,1,5.0,1
20269,Heavy,1,3.0,1
34850,Heavy,2,2.75,2
122487,Heavy,1,3.5,1
102711,Heavy,1,4.0,1
10664,Heavy,1,3.0,1
14667,Heavy,1,1.0,1
129435,Heavy,1,3.5,1
55661,Heavy,1,4.0,1
48689,Heavy,1,3.0,1
61522,Heavy,2,2.0,2
4821,Heavy,1,5.0,1
45221,Heavy,1,3.5,1
43728,Heavy,1,2.5,1
81895,Heavy,1,3.5,1
40354,Heavy,1,3.0,1
47380,Heavy,1,4.0,1
26391,Heavy,1,4.5,1
8631,Heavy,1,3.5,1
27861,Heavy,2,2.0,2
26645,Heavy,1,4.0,1
162271,Heavy,1,2.5,1
49621,Heavy,1,3.5,1
79246,Heavy,1,4.5,1
32684,Heavy,1,5.0,1
69461,Heavy,2,2.75,2
105681,Heavy,1,3.5,1
76500,Heavy,1,5.0,1
757,Heavy,1,3.0,1
12864,Heavy,1,3.0,1
79680,Heavy,1,3.5,1
64453,Heavy,1,4.0,1
104743,Heavy,1,3.0,1
82636,Heavy,1,3.5,1
126013,Heavy,1,1.5,1
106549,Heavy,1,5.0,1
82851,Heavy,1,4.0,1
82948,Heavy,1,5.0,1
126523,Heavy,1,5.0,1
18021,Heavy,1,5.0,1
97854,Heavy,1,2.0,1
41992,Heavy,1,4.0,1
84556,Heavy,1,2.5,1
141092,Heavy,1,4.5,1
4493,Heavy,1,4.0,1
66134,Heavy,1,5.0,1
145279,Heavy,1,4.5,1
50971,Heavy,1,4.5,1
144272,Heavy,1,1.5,1
27200,Heavy,2,3.25,2
20682,Heavy,1,3.5,1
140241,Heavy,1,2.0,1
11417,Heavy,1,1.5,1
12591,Heavy,1,3.5,1
58898,Heavy,1,4.0,1
95729,Heavy,1,4.0,1
23595,Heavy,1,5.0,1
63591,Heavy,2,4.0,2
39073,Heavy,1,3.5,1
69957,Heavy,2,3.5,2
33970,Heavy,1,3.0,1
136375,Heavy,1,4.0,1
25940,Heavy,1,5.0,1
139023,Heavy,1,5.0,1
80875,Heavy,1,4.5,1
22094,Heavy,3,3.8333333333333335,3
121072,Heavy,1,4.0,1
10568,Heavy,1,3.0,1
17775,Heavy,1,1.0,1
68297,Heavy,1,2.0,1
130110,Heavy,2,2.5,2
75352,Heavy,1,2.0,1
63986,Heavy,1,3.0,1
109633,Heavy,1,4.0,1
3469,Heavy,1,3.5,1
5897,Heavy,1,2.0,1
38990,Heavy,1,5.0,1
121883,Heavy,1,4.0,1
2562,Heavy,1,4.0,1
25857,Heavy,2,3.5,2
14210,Heavy,1,4.0,1
89667,Heavy,1,5.0,1
48128,Heavy,1,3.5,1
155418,Heavy,1,2.0,1
57418,Heavy,2,4.0,2
22309,Heavy,1,4.0,1
110522,Heavy,2,3.75,2
63698,Heavy,1,3.0,1
46108,Heavy,1,5.0,1
120658,Heavy,1,3.5,1
133489,Heavy,1,3.0,1
133681,Heavy,2,4.25,2
67323,Heavy,1,5.0,1
30643,Heavy,1,3.0,1
12985,Heavy,1,3.0,1
87336,Heavy,1,4.0,1
117574,Heavy,1,3.0,1
13533,Heavy,1,3.5,1
158915,Heavy,1,4.0,1
16806,Heavy,2,3.0,2
5056,Heavy,1,4.5,1
65659,Heavy,2,2.5,2
50533,Heavy,1,4.0,1
68180,Heavy,1,4.0,1
64415,Heavy,2,3.5,2
126749,Heavy,1,2.5,1
66596,Heavy,1,4.0,1
68669,Heavy,1,3.5,1
105813,Heavy,1,3.0,1
57711,Heavy,1,5.0,1
140664,Heavy,2,3.0,2
56189,Heavy,1,1.5,1
90234,Heavy,2,3.5,2
8575,Heavy,2,1.75,2
14313,Heavy,1,2.0,1
132375,Heavy,1,3.0,1
58310,Heavy,1,2.5,1
18029,Heavy,1,1.5,1
22436,Heavy,1,5.0,1
60027,Heavy,1,3.0,1
14694,Heavy,1,4.0,1
11779,Heavy,1,4.0,1
151009,Heavy,1,4.5,1
160153,Heavy,1,1.0,1
79694,Heavy,1,5.0,1
16138,Heavy,1,5.0,1
70031,Heavy,2,4.0,2
143536,Heavy,1,4.5,1
14128,Heavy,1,4.0,1
131451,Heavy,1,4.5,1
14676,Heavy,1,3.0,1
52287,Heavy,1,3.5,1
51923,Heavy,1,2.0,1
65426,Heavy,1,3.0,1
44044,Heavy,1,4.5,1
45496,Heavy,1,3.0,1
155613,Heavy,1,5.0,1
46088,Heavy,1,4.0,1
98454,Heavy,1,3.5,1
123573,Heavy,1,4.0,1
16045,Heavy,1,5.0,1
141060,Heavy,2,4.25,2
134632,Heavy,1,4.0,1
9122,Heavy,1,4.0,1
140982,Heavy,1,4.0,1
62475,Heavy,1,3.5,1
11076,Heavy,1,4.0,1
104452,Heavy,2,4.0,2
126107,Heavy,1,3.5,1
63581,Heavy,1,1.0,1
95133,Heavy,1,4.5,1
44974,Heavy,1,3.0,1
77760,Heavy,1,4.0,1
92208,Heavy,1,5.0,1
28092,Heavy,2,2.25,2
111107,Heavy,1,3.0,1
62916,Heavy,1,3.5,1
26588,Heavy,1,4.5,1
122723,Heavy,2,4.5,2
82918,Heavy,2,2.75,2
40782,Heavy,1,3.0,1
60495,Heavy,1,4.0,1
134458,Heavy,1,3.5,1
89162,Heavy,1,5.0,1
73223,Heavy,1,1.0,1
62334,Heavy,1,2.5,1
159,Heavy,1,5.0,1
132868,Heavy,1,4.0,1
28068,Heavy,1,4.0,1
37199,Heavy,1,3.0,1
112824,Heavy,1,4.0,1
37795,Heavy,1,4.0,1
81998,Heavy,1,3.5,1
35194,Heavy,1,4.0,1
86183,Heavy,1,3.5,1
17271,Heavy,1,2.0,1
49942,Heavy,1,0.5,1
148146,Heavy,1,1.5,1
92241,Heavy,1,2.5,1
7623,Heavy,2,3.5,2
85243,Heavy,1,4.0,1
6690,Heavy,1,1.0,1
38996,Heavy,1,5.0,1
139024,Heavy,1,4.0,1
120783,Heavy,1,2.5,1
114042,Heavy,1,4.0,1
34519,Heavy,1,5.0,1
73018,Heavy,1,2.0,1
32632,Heavy,2,2.75,2
33225,Heavy,1,4.0,1
153018,Heavy,2,4.25,2
5648,Heavy,1,5.0,1
75232,Heavy,1,5.0,1
148174,Heavy,1,5.0,1
12924,Heavy,1,3.5,1
146535,Heavy,1,3.5,1
159850,Heavy,1,4.0,1
79176,Heavy,1,4.0,1
50374,Heavy,1,3.0,1
149975,Heavy,1,4.0,1
23108,Heavy,1,5.0,1
13535,Heavy,2,2.0,2
20390,Heavy,1,1.0,1
161999,Heavy,1,2.5,1
65737,Heavy,1,2.0,1
161878,Heavy,1,3.5,1
151773,Heavy,1,5.0,1
86827,Heavy,1,4.0,1
95170,Heavy,1,3.0,1
865,Heavy,1,5.0,1
6217,Heavy,1,3.5,1
147250,Heavy,3,2.3333333333333335,3
79982,Heavy,3,3.5,3
61104,Heavy,1,0.5,1
45447,Heavy,1,4.0,1
82482,Heavy,1,4.0,1
39339,Heavy,2,3.5,2
105762,Heavy,1,4.0,1
45386,Heavy,1,4.5,1
156673,Heavy,1,3.0,1
30792,Heavy,1,5.0,1
32319,Heavy,2,3.75,2
89987,Heavy,1,5.0,1
88065,Heavy,1,5.0,1
65798,Heavy,1,4.5,1
107100,Heavy,1,5.0,1
48050,Heavy,1,3.0,1
66343,Heavy,1,3.0,1
61244,Heavy,1,3.0,1
37895,Heavy,1,3.5,1
17912,Heavy,1,3.5,1
20346,Heavy,1,4.0,1
136958,Heavy,1,5.0,1
7793,Heavy,2,2.5,2
27368,Heavy,1,4.0,1
20580,Heavy,1,2.5,1
161497,Heavy,1,1.0,1
43790,Heavy,1,3.0,1
49356,Heavy,1,4.0,1
82680,Heavy,1,5.0,1
91630,Heavy,1,4.0,1
111605,Heavy,1,4.0,1
37706,Heavy,1,3.5,1
155742,Heavy,1,3.0,1
63921,Heavy,1,1.5,1
73857,Heavy,1,4.0,1
89191,Heavy,1,5.0,1
80715,Heavy,1,4.0,1
6434,Heavy,1,5.0,1
135670,Heavy,1,3.0,1
70843,Heavy,1,4.5,1
87006,Heavy,1,5.0,1
85869,Heavy,1,4.5,1
6244,Heavy,2,2.75,2
17438,Heavy,1,4.0,1
91116,Heavy,1,3.5,1
50749,Heavy,1,4.0,1
143987,Heavy,1,2.0,1
88352,Heavy,1,2.5,1
45434,Heavy,1,3.5,1
22986,Heavy,1,3.5,1
97528,Heavy,1,3.0,1
80165,Heavy,2,4.25,2
93074,Heavy,2,2.5,2
74561,Heavy,1,3.0,1
66981,Heavy,1,4.0,1
36842,Heavy,1,4.0,1
56002,Heavy,1,3.5,1
58960,Heavy,1,3.5,1
153727,Heavy,1,4.0,1
27167,Heavy,1,3.0,1
35634,Heavy,1,1.5,1
87214,Heavy,2,3.75,2
60522,Heavy,1,2.0,1
124674,Heavy,1,3.5,1
41412,Heavy,1,4.0,1
10045,Heavy,1,3.5,1
157458,Heavy,1,2.0,1
149500,Heavy,1,4.0,1
26968,Heavy,1,2.0,1
40997,Heavy,1,1.0,1
73037,Heavy,1,4.0,1
131993,Heavy,1,2.0,1
94549,Heavy,1,2.0,1
145650,Heavy,1,4.0,1
104145,Heavy,1,4.0,1
81862,Heavy,1,3.0,1
105868,Heavy,1,2.0,1
54966,Heavy,1,4.0,1
55172,Heavy,1,4.0,1
79709,Heavy,1,4.0,1
103740,Heavy,1,2.0,1
71282,Heavy,1,4.5,1
75663,Heavy,1,5.0,1
129158,Heavy,1,4.0,1
13079,Heavy,1,3.5,1
4793,Heavy,1,3.0,1
159606,Heavy,1,2.5,1
110248,Heavy,1,4.5,1
14255,Heavy,1,4.0,1
144866,Heavy,1,4.0,1
64045,Heavy,1,2.0,1
15351,Heavy,1,4.5,1
15598,Heavy,1,4.0,1
16205,Heavy,1,5.0,1
62395,Heavy,1,3.0,1
144182,Heavy,1,3.0,1
59454,Heavy,2,2.5,2
32666,Heavy,2,4.5,2
14539,Heavy,3,3.1666666666666665,3
76679,Heavy,1,5.0,1
62636,Heavy,1,5.0,1
11030,Heavy,1,3.0,1
69829,Heavy,1,3.0,1
21673,Heavy,2,1.75,2
140606,Heavy,1,4.0,1
68489,Heavy,1,4.0,1
82266,Heavy,1,2.0,1
146285,Heavy,1,1.0,1
48734,Heavy,1,4.0,1
152776,Heavy,1,3.5,1
156245,Heavy,1,5.0,1
110941,Heavy,2,5.0,2
42442,Heavy,1,3.0,1
103247,Heavy,1,4.0,1
107789,Heavy,1,4.0,1
148451,Heavy,1,2.5,1
92725,Heavy,1,4.5,1
27552,Heavy,1,3.5,1
61755,Heavy,1,4.0,1
4257,Heavy,1,3.5,1
8211,Heavy,1,3.0,1
32815,Heavy,1,4.0,1
15664,Heavy,1,3.5,1
66333,Heavy,1,2.5,1
49693,Heavy,1,3.5,1
66206,Heavy,1,3.5,1
96520,Heavy,1,1.5,1
65894,Heavy,1,5.0,1
20712,Heavy,1,3.5,1
80571,Heavy,3,3.3333333333333335,3
61249,Heavy,1,4.0,1
85421,Heavy,2,3.75,2
60797,Heavy,2,4.0,2
62312,Heavy,2,2.5,2
124469,Heavy,1,4.0,1
55972,Heavy,1,3.0,1
35711,Heavy,3,3.8333333333333335,3
34071,Heavy,1,5.0,1
63305,Heavy,1,2.0,1
27625,Heavy,1,4.0,1
139862,Heavy,1,1.0,1
60999,Heavy,1,5.0,1
46920,Heavy,1,4.0,1
12919,Heavy,1,5.0,1
2473,Heavy,1,3.0,1
52798,Heavy,1,4.0,1
22257,Heavy,2,3.25,2
74943,Heavy,1,4.0,1
55541,Heavy,1,3.0,1
1228,Heavy,2,4.5,2
21038,Heavy,1,3.5,1
13702,Heavy,2,3.75,2
99722,Heavy,1,4.5,1
38623,Heavy,1,5.0,1
33415,Heavy,1,4.0,1
36910,Heavy,1,5.0,1
27347,Heavy,1,3.0,1
13266,Heavy,1,4.5,1
17253,Heavy,1,3.0,1
147831,Heavy,1,3.5,1
9516,Heavy,1,3.5,1
152722,Heavy,1,4.0,1
103440,Heavy,1,3.0,1
59140,Heavy,1,3.5,1
58262,Heavy,1,4.5,1
23405,Heavy,4,2.125,4
25644,Heavy,1,2.5,1
80080,Heavy,1,4.0,1
138566,Heavy,1,3.0,1
54919,Heavy,2,2.0,2
40976,Heavy,1,3.0,1
91075,Heavy,1,4.0,1
83708,Heavy,1,1.5,1
115086,Heavy,1,4.0,1
86844,Heavy,1,4.0,1
67432,Heavy,1,3.5,1
38376,Heavy,1,5.0,1
64245,Heavy,1,4.0,1
6558,Heavy,1,5.0,1
44772,Heavy,1,3.5,1
19714,Heavy,1,3.5,1
90257,Heavy,1,3.0,1
66890,Heavy,1,3.0,1
41940,Heavy,2,4.0,2
161799,Heavy,1,4.0,1
109090,Heavy,2,3.0,2
62349,Heavy,1,3.5,1
28749,Heavy,1,4.5,1
22774,Heavy,3,3.0,3
150494,Heavy,1,5.0,1
9214,Heavy,1,3.5,1
135259,Heavy,1,5.0,1
68442,Heavy,1,2.0,1
22716,Heavy,2,1.5,2
145188,Heavy,1,5.0,1
124685,Heavy,1,3.0,1
145136,Heavy,1,4.0,1
124271,Heavy,1,3.0,1
162524,Heavy,1,1.5,1
97018,Heavy,1,4.0,1
32320,Heavy,2,2.25,2
24988,Heavy,1,3.0,1
50599,Heavy,1,5.0,1
54587,Heavy,1,1.0,1
140480,Heavy,1,3.0,1
57937,Heavy,1,4.0,1
131039,Heavy,1,3.0,1
60619,Heavy,1,3.0,1
137586,Heavy,1,4.0,1
10693,Heavy,1,4.5,1
55818,Heavy,1,5.0,1
80324,Heavy,1,3.5,1
59597,Heavy,1,5.0,1
16036,Heavy,1,4.0,1
127328,Heavy,1,5.0,1
154092,Heavy,2,2.25,2
106666,Heavy,1,2.0,1
72674,Heavy,1,3.0,1
41761,Heavy,1,5.0,1
54513,Heavy,1,3.0,1
13081,Heavy,1,5.0,1
83592,Heavy,1,5.0,1
10013,Heavy,1,4.0,1
67791,Heavy,1,3.5,1
101378,Heavy,1,4.0,1
148596,Heavy,1,3.5,1
16396,Heavy,1,3.5,1
20256,Heavy,1,5.0,1
2681,Heavy,1,3.5,1
68248,Heavy,1,4.0,1
42659,Heavy,1,2.5,1
132227,Heavy,1,4.0,1
80004,Heavy,1,5.0,1
25657,Heavy,1,4.0,1
56096,Heavy,1,3.0,1
77657,Heavy,1,4.0,1
83168,Heavy,1,3.5,1
31144,Heavy,1,3.0,1
89844,Heavy,1,5.0,1
13159,Heavy,1,4.0,1
160503,Heavy,1,3.5,1
60543,Heavy,1,2.5,1
2006,Heavy,1,2.5,1
121438,Heavy,2,4.25,2
40966,Heavy,2,4.25,2
75551,Heavy,1,3.0,1
60457,Heavy,2,4.75,2
86280,Heavy,1,5.0,1
54164,Heavy,1,4.0,1
70441,Heavy,1,4.0,1
36561,Heavy,2,4.0,2
155598,Heavy,1,3.0,1
3175,Heavy,1,4.0,1
131412,Heavy,1,4.0,1
14807,Heavy,1,4.0,1
65742,Heavy,1,4.5,1
42543,Heavy,1,2.0,1
101243,Heavy,1,4.5,1
49359,Heavy,1,3.0,1
43188,Heavy,2,4.0,2
63186,Heavy,1,4.0,1
25072,Heavy,1,4.0,1
85757,Heavy,1,4.0,1
36746,Heavy,2,3.5,2
142530,Heavy,1,4.0,1
18382,Heavy,1,3.5,1
49619,Heavy,3,2.8333333333333335,3
55999,Heavy,1,4.0,1
106892,Heavy,1,2.0,1
35793,Heavy,2,3.0,2
12086,Heavy,1,4.0,1
13078,Heavy,1,4.0,1
30732,Heavy,1,5.0,1
49561,Heavy,2,4.0,2
51888,Heavy,1,4.0,1
30146,Heavy,1,5.0,1
126182,Heavy,1,3.5,1
77349,Heavy,1,4.5,1
95493,Heavy,1,5.0,1
117232,Heavy,2,4.5,2
160844,Heavy,1,4.0,1
142245,Heavy,1,3.5,1
67484,Heavy,1,5.0,1
23350,Heavy,1,5.0,1
19094,Heavy,2,4.0,2
21633,Heavy,1,0.5,1
79221,Heavy,1,3.5,1
131341,Heavy,1,2.5,1
108001,Heavy,1,4.0,1
124961,Heavy,1,3.0,1
79615,Heavy,1,5.0,1
55205,Heavy,1,2.0,1
14177,Heavy,1,5.0,1
39556,Heavy,1,5.0,1
68047,Heavy,2,4.25,2
79388,Heavy,1,3.0,1
61083,Heavy,1,3.0,1
4217,Heavy,1,3.5,1
36708,Heavy,1,5.0,1
111597,Heavy,1,3.0,1
150229,Heavy,2,4.0,2
35391,Heavy,1,3.0,1
55393,Heavy,1,3.0,1
94260,Heavy,1,2.5,1
3355,Heavy,1,3.0,1
76770,Heavy,1,1.0,1
13241,Heavy,1,5.0,1
32382,Heavy,1,1.0,1
138442,Heavy,2,3.5,2
145127,Heavy,1,3.0,1
27042,Heavy,1,5.0,1
8495,Heavy,1,4.0,1
130758,Heavy,1,4.0,1
43149,Heavy,1,4.0,1
23311,Heavy,1,5.0,1
158498,Heavy,1,5.0,1
56681,Heavy,1,2.5,1
159258,Heavy,1,4.0,1
18258,Heavy,1,0.5,1
127147,Heavy,1,3.0,1
15002,Heavy,1,3.5,1
11021,Heavy,1,3.5,1
136755,Heavy,1,1.0,1
103971,Heavy,1,3.0,1
132014,Heavy,1,3.0,1
18788,Heavy,1,2.0,1
106422,Heavy,1,2.5,1
57844,Heavy,2,3.0,2
55637,Heavy,1,3.0,1
123396,Heavy,1,3.5,1
5820,Heavy,1,4.5,1
58726,Heavy,1,1.0,1
77963,Heavy,1,4.0,1
142366,Heavy,1,5.0,1
103631,Heavy,1,3.5,1
145963,Heavy,1,4.0,1
122609,Heavy,1,3.0,1
128243,Heavy,1,3.0,1
33364,Heavy,1,2.5,1
22146,Heavy,1,5.0,1
126221,Heavy,1,4.5,1
55638,Heavy,2,3.5,2
130546,Heavy,1,3.0,1
77900,Heavy,1,2.0,1
61690,Heavy,1,4.5,1
138876,Heavy,1,5.0,1
95232,Heavy,1,4.0,1
30778,Heavy,1,3.0,1
49012,Heavy,1,2.5,1
159498,Heavy,1,5.0,1
21648,Heavy,1,3.5,1
27972,Heavy,1,4.0,1
63202,Heavy,1,3.5,1
201,Heavy,2,3.5,2
72783,Heavy,1,5.0,1
1358,Heavy,2,3.5,2
161619,Heavy,1,3.0,1
107385,Heavy,1,3.0,1
8218,Heavy,1,2.5,1
29268,Heavy,1,2.5,1
32299,Heavy,1,5.0,1
79945,Heavy,1,4.0,1
77873,Heavy,2,2.5,2
78982,Heavy,2,2.75,2
54979,Heavy,1,4.0,1
16843,Heavy,1,4.0,1
125871,Heavy,1,4.0,1
52952,Heavy,1,4.0,1
50477,Heavy,1,3.5,1
17507,Heavy,1,3.0,1
95286,Heavy,1,3.0,1
142998,Heavy,1,4.0,1
7921,Heavy,1,2.5,1
146090,Heavy,1,5.0,1
34225,Heavy,1,3.0,1
28400,Heavy,1,4.0,1
36507,Heavy,1,1.5,1
65630,Heavy,1,4.5,1
147413,Heavy,2,3.75,2
10795,Heavy,1,3.0,1
18401,Heavy,1,4.0,1
9205,Heavy,4,4.25,4
85594,Heavy,1,3.5,1
114666,Heavy,1,5.0,1
115957,Heavy,1,4.0,1
84692,Heavy,1,2.0,1
147877,Heavy,1,3.0,1
20653,Heavy,2,3.5,2
38173,Heavy,2,4.0,2
18988,Heavy,1,4.0,1
59315,Heavy,1,5.0,1
82184,Heavy,1,3.5,1
97442,Heavy,1,3.0,1
96844,Heavy,1,1.0,1
68904,Heavy,1,4.0,1
96897,Heavy,1,3.0,1
75380,Heavy,1,1.0,1
41104,Heavy,1,3.0,1
26200,Heavy,1,3.5,1
35651,Heavy,1,2.5,1
22584,Heavy,1,4.5,1
71097,Heavy,1,4.5,1
12035,Heavy,1,4.0,1
24423,Heavy,1,5.0,1
41840,Heavy,1,3.0,1
143298,Heavy,2,4.0,2
142206,Heavy,1,3.0,1
63079,Heavy,1,3.0,1
107026,Heavy,1,2.0,1
13145,Heavy,1,3.0,1
10925,Heavy,1,4.0,1
49219,Heavy,1,3.0,1
123652,Heavy,1,4.0,1
98437,Heavy,1,4.5,1
63142,Heavy,1,3.5,1
21300,Heavy,1,3.0,1
64055,Heavy,1,4.0,1
21076,Heavy,1,1.0,1
28770,Heavy,1,4.0,1
57826,Heavy,1,3.0,1
4401,Heavy,1,4.5,1
15246,Heavy,1,0.5,1
11812,Heavy,1,5.0,1
127321,Heavy,1,4.0,1
144714,Heavy,2,3.5,2
8744,Heavy,1,3.0,1
38506,Heavy,1,3.5,1
38842,Heavy,1,4.0,1
112351,Heavy,1,5.0,1
85160,Heavy,1,5.0,1
39792,Heavy,1,5.0,1
54068,Heavy,1,5.0,1
55178,Heavy,1,4.0,1
49824,Heavy,1,2.5,1
35130,Heavy,1,3.5,1
40991,Heavy,2,1.75,2
83429,Heavy,1,4.0,1
40975,Heavy,1,5.0,1
3925,Heavy,1,1.0,1
24547,Heavy,1,3.0,1
27597,Heavy,1,3.0,1
58636,Heavy,1,4.0,1
18603,Heavy,1,4.0,1
1478,Heavy,1,4.5,1
86580,Heavy,2,3.5,2
21035,Heavy,1,4.5,1
8017,Heavy,1,4.0,1
107671,Heavy,1,3.0,1
110053,Heavy,1,3.0,1
4009,Heavy,1,4.0,1
51013,Heavy,1,4.0,1
79384,Heavy,1,4.0,1
70749,Heavy,2,3.0,2
31005,Heavy,1,4.0,1
89013,Heavy,1,4.0,1
14178,Heavy,1,0.5,1
56550,Heavy,1,1.0,1
56862,Heavy,2,4.0,2
149777,Heavy,1,3.5,1
39530,Heavy,1,4.0,1
85047,Heavy,1,4.0,1
78579,Heavy,1,4.5,1
77329,Heavy,1,3.5,1
141984,Heavy,1,4.5,1
35854,Heavy,1,4.0,1
61204,Heavy,1,4.5,1
61869,Heavy,1,3.5,1
81961,Heavy,1,3.5,1
32550,Heavy,1,0.5,1
114086,Heavy,1,2.0,1
47921,Heavy,1,3.0,1
139115,Heavy,1,2.0,1
27447,Heavy,1,2.5,1
63603,Heavy,1,2.0,1
65877,Heavy,1,3.5,1
91236,Heavy,1,4.0,1
97991,Heavy,1,3.5,1
103632,Heavy,1,4.0,1
67938,Heavy,1,3.5,1
134387,Heavy,1,5.0,1
123753,Heavy,1,4.0,1
86956,Heavy,1,4.5,1
129597,Heavy,1,3.5,1
21626,Heavy,1,5.0,1
58588,Heavy,1,4.0,1
119086,Heavy,1,4.5,1
55189,Heavy,1,3.5,1
51971,Heavy,1,4.5,1
140274,Heavy,1,3.5,1
155754,Heavy,1,4.0,1
30093,Heavy,1,4.0,1
45203,Heavy,1,5.0,1
23320,Heavy,2,3.5,2
139966,Heavy,1,5.0,1
139013,Heavy,1,3.0,1
98417,Heavy,1,4.0,1
107051,Heavy,1,3.0,1
157736,Heavy,1,3.5,1
139308,Heavy,1,3.0,1
2165,Heavy,1,2.5,1
15017,Heavy,1,5.0,1
44444,Heavy,1,3.0,1
92263,Heavy,1,4.0,1
158509,Heavy,1,2.0,1
160291,Heavy,1,5.0,1
65974,Heavy,1,4.5,1
21244,Heavy,1,4.0,1
49141,Heavy,1,4.0,1
45737,Heavy,1,2.0,1
64876,Heavy,1,3.0,1
33826,Heavy,1,3.0,1
68493,Heavy,1,3.5,1
18831,Heavy,1,5.0,1
44429,Heavy,1,3.5,1
86677,Heavy,1,5.0,1
31847,Heavy,1,4.0,1
43107,Heavy,1,3.5,1
8127,Heavy,1,4.0,1
9173,Heavy,2,4.5,2
64538,Heavy,1,3.0,1
93913,Heavy,1,4.0,1
85961,Heavy,1,5.0,1
71538,Heavy,1,4.0,1
89370,Heavy,1,3.0,1
95947,Heavy,1,3.0,1
146430,Heavy,1,1.0,1
4828,Heavy,1,3.5,1
30342,Heavy,1,3.0,1
9403,Heavy,1,4.0,1
131363,Heavy,1,4.0,1
9938,Heavy,1,5.0,1
50916,Heavy,1,4.0,1
25925,Heavy,1,5.0,1
5211,Heavy,1,3.0,1
35889,Heavy,1,4.0,1
37009,Heavy,1,4.5,1
75141,Heavy,1,3.0,1
81427,Heavy,1,3.0,1
55054,Heavy,1,2.0,1
43912,Heavy,1,3.0,1
26031,Heavy,1,3.5,1
102376,Heavy,2,4.25,2
159972,Heavy,1,4.0,1
149412,Heavy,1,3.5,1
48614,Heavy,1,5.0,1
117850,Heavy,1,5.0,1
65927,Heavy,1,5.0,1
42571,Heavy,1,5.0,1
29923,Heavy,1,5.0,1
30193,Heavy,1,4.5,1
43136,Heavy,1,4.5,1
49167,Heavy,1,4.5,1
90868,Heavy,1,4.0,1
24894,Heavy,1,3.5,1
100566,Heavy,1,2.0,1
26679,Heavy,1,5.0,1
108976,Heavy,1,3.0,1
53472,Heavy,1,3.5,1
151863,Heavy,1,4.5,1
133696,Heavy,1,5.0,1
56776,Heavy,1,3.0,1
149183,Heavy,2,3.75,2
108304,Heavy,2,3.25,2
37235,Heavy,1,3.5,1
87497,Heavy,1,4.0,1
143030,Heavy,2,3.5,2
31694,Heavy,1,4.0,1
30247,Heavy,1,4.0,1
117477,Heavy,1,4.0,1
1095,Heavy,1,5.0,1
9235,Heavy,1,3.0,1
145344,Heavy,1,4.0,1
2247,Heavy,1,4.0,1
90326,Heavy,1,3.5,1
2054,Heavy,2,3.5,2
112451,Heavy,1,4.0,1
8434,Heavy,1,3.5,1
141059,Heavy,1,4.0,1
79595,Heavy,1,3.0,1
613,Heavy,1,2.5,1
25554,Heavy,2,3.75,2
52937,Heavy,1,4.5,1
137302,Heavy,1,3.0,1
13699,Heavy,1,3.5,1
12083,Heavy,1,3.0,1
139849,Heavy,1,3.5,1
10117,Heavy,1,4.0,1
121210,Heavy,1,4.0,1
35055,Heavy,1,4.0,1
1695,Heavy,1,3.5,1
55288,Heavy,1,3.0,1
103281,Heavy,1,3.5,1
2210,Heavy,1,3.5,1
87868,Heavy,1,3.5,1
93321,Heavy,1,4.5,1
85858,Heavy,1,3.0,1
115103,Heavy,1,3.5,1
160225,Heavy,1,3.0,1
52532,Heavy,1,5.0,1
44637,Heavy,1,4.0,1
84072,Heavy,1,4.0,1
147364,Heavy,1,5.0,1
82469,Heavy,1,4.0,1
39226,Heavy,1,4.0,1
133252,Heavy,1,4.0,1
37658,Heavy,1,5.0,1
150859,Heavy,1,4.0,1
120184,Heavy,1,4.5,1
137299,Heavy,1,3.5,1
1616,Heavy,1,3.5,1
141699,Heavy,1,4.0,1
121630,Heavy,1,4.0,1
22456,Heavy,2,3.5,2
113324,Heavy,1,4.5,1
79804,Heavy,1,4.0,1
65635,Heavy,1,5.0,1
56612,Heavy,1,4.0,1
86563,Heavy,2,2.5,2
7388,Heavy,1,3.5,1
69797,Heavy,2,3.0,2
156375,Heavy,1,2.0,1
53798,Heavy,1,4.0,1
121002,Heavy,1,1.5,1
121083,Heavy,1,4.0,1
122662,Heavy,1,4.0,1
145961,Heavy,1,4.0,1
106613,Heavy,1,4.0,1
70286,Heavy,2,3.5,2
12975,Heavy,1,4.0,1
159692,Heavy,1,3.5,1
155543,Heavy,1,2.0,1
58616,Heavy,1,3.5,1
28170,Heavy,1,4.0,1
132341,Heavy,1,4.0,1
57326,Heavy,2,3.0,2
18557,Heavy,1,2.0,1
79975,Heavy,1,4.0,1
30014,Heavy,1,5.0,1
46413,Heavy,1,2.5,1
66336,Heavy,1,4.0,1
52804,Heavy,1,4.5,1
142938,Heavy,1,2.5,1
139643,Heavy,1,4.5,1
87833,Heavy,1,4.0,1
93052,Heavy,1,5.0,1
161946,Heavy,1,4.0,1
10023,Heavy,1,4.5,1
84075,Heavy,1,4.0,1
136743,Heavy,1,3.0,1
96818,Heavy,1,3.0,1
23112,Heavy,1,2.0,1
32802,Heavy,1,5.0,1
119032,Heavy,1,4.0,1
159657,Heavy,1,4.0,1
96853,Heavy,1,1.0,1
90062,Heavy,1,3.0,1
149416,Heavy,1,3.5,1
94745,Heavy,1,5.0,1
129679,Heavy,1,2.0,1
40480,Heavy,1,4.0,1
68951,Heavy,1,4.0,1
49063,Heavy,1,4.5,1
33089,Heavy,3,4.5,3
139466,Heavy,1,5.0,1
78241,Heavy,1,0.5,1
24527,Heavy,1,3.0,1
50321,Heavy,1,2.0,1
30914,Heavy,1,5.0,1
39651,Heavy,1,4.0,1
58451,Heavy,2,3.5,2
145512,Heavy,1,1.0,1
119240,Heavy,2,3.0,2
18082,Heavy,2,4.5,2
39445,Heavy,2,3.5,2
75613,Heavy,1,4.0,1
28495,Heavy,1,5.0,1
29609,Heavy,1,5.0,1
61387,Heavy,1,5.0,1
37411,Heavy,1,4.5,1
42873,Heavy,1,3.0,1
93663,Heavy,1,4.0,1
58121,Heavy,1,4.0,1
88723,Heavy,1,3.0,1
160343,Heavy,1,2.5,1
62190,Heavy,1,5.0,1
49542,Heavy,1,4.0,1
139433,Heavy,1,3.0,1
82333,Heavy,1,3.5,1
101242,Heavy,1,4.0,1
128530,Heavy,1,5.0,1
42020,Heavy,1,2.0,1
54645,Heavy,1,2.0,1
77168,Heavy,1,3.0,1
132316,Heavy,1,5.0,1
136487,Heavy,1,3.5,1
12120,Heavy,1,5.0,1
57062,Heavy,1,3.0,1
31588,Heavy,1,4.0,1
98835,Heavy,1,4.0,1
76724,Heavy,1,4.0,1
39614,Heavy,1,5.0,1
62926,Heavy,1,5.0,1
566,Heavy,1,3.0,1
88183,Heavy,1,3.0,1
82868,Heavy,1,3.0,1
23905,Heavy,1,4.5,1
53170,Heavy,1,3.0,1
49821,Heavy,2,3.0,2
54592,Heavy,2,2.75,2
37424,Heavy,1,4.0,1
115436,Heavy,1,4.0,1
61317,Heavy,1,5.0,1
87684,Heavy,1,4.0,1
65957,Heavy,1,3.5,1
86918,Heavy,1,3.5,1
79390,Heavy,1,4.5,1
76671,Heavy,1,4.0,1
27376,Heavy,1,2.5,1
68900,Heavy,1,4.0,1
128305,Heavy,1,4.5,1
43983,Heavy,1,3.0,1
68683,Heavy,1,4.0,1
82884,Heavy,1,5.0,1
38473,Heavy,1,4.0,1
28133,Heavy,1,3.5,1
145077,Heavy,1,5.0,1
131144,Heavy,1,4.5,1
45486,Heavy,1,3.0,1
141848,Heavy,1,3.5,1
80643,Heavy,1,4.0,1
134137,Heavy,1,4.5,1
38201,Heavy,1,4.0,1
78596,Heavy,1,4.0,1
80897,Heavy,1,4.0,1
58056,Heavy,1,4.0,1
131256,Heavy,1,5.0,1
37763,Heavy,1,5.0,1
45166,Heavy,1,4.0,1
76006,Heavy,1,0.5,1
24084,Heavy,1,5.0,1
132477,Heavy,1,4.0,1
50647,Heavy,1,5.0,1
131932,Heavy,1,4.0,1
121434,Heavy,1,2.0,1
92863,Heavy,1,3.0,1
57253,Heavy,1,4.5,1
26618,Heavy,1,3.5,1
127295,Heavy,2,4.25,2
105210,Heavy,1,2.0,1
137754,Heavy,1,4.0,1
64042,Heavy,2,3.75,2
8277,Heavy,1,3.0,1
10849,Heavy,1,5.0,1
154234,Heavy,2,3.75,2
115548,Heavy,1,3.0,1
39033,Heavy,1,2.5,1
75104,Heavy,1,2.0,1
58945,Heavy,1,3.5,1
37476,Heavy,1,4.0,1
86945,Heavy,1,3.5,1
27628,Heavy,1,4.0,1
15780,Heavy,1,3.5,1
100621,Heavy,1,2.0,1
22259,Heavy,1,3.5,1
89457,Heavy,1,4.5,1
49867,Heavy,1,4.0,1
114121,Heavy,1,4.5,1
8312,Heavy,1,5.0,1
67276,Heavy,1,4.0,1
18257,Heavy,1,3.0,1
58139,Heavy,2,3.25,2
73905,Heavy,1,4.0,1
116667,Heavy,1,4.5,1
76879,Heavy,1,4.0,1
29781,Heavy,1,3.5,1
135069,Heavy,1,3.0,1
35478,Heavy,1,3.0,1
41705,Heavy,1,2.0,1
42051,Heavy,1,3.0,1
36573,Heavy,1,5.0,1
52948,Heavy,1,5.0,1
142940,Heavy,1,4.0,1
71233,Heavy,1,4.0,1
37065,Heavy,1,3.0,1
116052,Heavy,1,4.0,1
97385,Heavy,1,2.0,1
54038,Heavy,1,5.0,1
98470,Heavy,1,3.0,1
160572,Heavy,1,4.0,1
55776,Heavy,1,3.0,1
61485,Heavy,1,5.0,1
50571,Heavy,1,4.0,1
82138,Heavy,1,4.0,1
31478,Heavy,1,4.5,1
114122,Heavy,1,3.0,1
26665,Heavy,2,4.5,2
13649,Heavy,1,4.0,1
154189,Heavy,1,3.5,1
76062,Heavy,1,4.5,1
28702,Heavy,1,3.0,1
60778,Heavy,1,5.0,1
149577,Heavy,1,5.0,1
18492,Heavy,1,3.0,1
63170,Heavy,1,3.0,1
39593,Heavy,1,4.0,1
132190,Heavy,1,3.0,1
5873,Heavy,1,2.0,1
73386,Heavy,1,4.0,1
27758,Heavy,1,4.5,1
5475,Heavy,1,4.0,1
99823,Heavy,1,4.0,1
62049,Heavy,1,5.0,1
12033,Heavy,1,3.5,1
61710,Heavy,1,4.5,1
59838,Heavy,1,3.0,1
36244,Heavy,1,5.0,1
59323,Heavy,1,3.5,1
85937,Heavy,1,3.5,1
60763,Heavy,1,4.5,1
69172,Heavy,1,3.0,1
34997,Heavy,2,3.5,2
44699,Heavy,2,4.5,2
27235,Heavy,1,4.0,1
94843,Heavy,1,4.0,1
150685,Heavy,1,2.5,1
66587,Heavy,1,4.0,1
104941,Heavy,1,4.0,1
78683,Heavy,1,5.0,1
66993,Heavy,1,4.0,1
68213,Heavy,2,4.0,2
55404,Heavy,1,5.0,1
11407,Heavy,1,4.0,1
6245,Heavy,1,3.5,1
146677,Heavy,1,4.0,1
151472,Heavy,1,4.0,1
40078,Heavy,1,0.5,1
155102,Heavy,1,5.0,1
6803,Heavy,1,2.0,1
34987,Heavy,2,3.25,2
43941,Heavy,1,4.0,1
65290,Heavy,1,3.0,1
53998,Heavy,1,1.5,1
79381,Heavy,3,3.0,3
10277,Heavy,1,4.0,1
19475,Heavy,1,4.0,1
56902,Heavy,1,3.5,1
20034,Heavy,1,5.0,1
16963,Heavy,1,4.0,1
111038,Heavy,3,3.0,3
24574,Heavy,1,3.0,1
53536,Heavy,1,4.0,1
77407,Heavy,1,4.5,1
28516,Heavy,1,5.0,1
25151,Heavy,1,3.0,1
71985,Heavy,1,5.0,1
69315,Heavy,2,4.0,2
21880,Heavy,1,5.0,1
53497,Heavy,1,4.0,1
160858,Heavy,2,2.75,2
43622,Heavy,1,3.0,1
47400,Heavy,1,4.0,1
22513,Heavy,1,1.5,1
19713,Heavy,1,4.5,1
14730,Heavy,1,4.0,1
65187,Heavy,2,5.0,2
89027,Heavy,1,4.0,1
140041,Heavy,1,4.0,1
160681,Heavy,1,4.0,1
91366,Heavy,1,4.0,1
15539,Heavy,1,0.5,1
63918,Heavy,1,2.5,1
95273,Heavy,1,3.5,1
112444,Heavy,1,3.5,1
151830,Heavy,1,4.0,1
23057,Heavy,1,3.5,1
23528,Heavy,1,4.0,1
20259,Heavy,1,3.0,1
8447,Heavy,1,5.0,1
76714,Heavy,1,4.5,1
113881,Heavy,1,3.0,1
41316,Heavy,1,5.0,1
64962,Heavy,1,3.5,1
50250,Heavy,1,3.5,1
111379,Heavy,1,1.0,1
55488,Heavy,1,5.0,1
111414,Heavy,3,3.1666666666666665,3
27044,Heavy,1,4.0,1
146475,Heavy,1,3.5,1
2362,Heavy,1,4.0,1
54522,Heavy,2,3.0,2
146128,Heavy,1,4.5,1
137607,Heavy,1,4.0,1
47706,Heavy,1,4.0,1
140984,Heavy,1,4.0,1
119722,Heavy,1,4.5,1
846,Heavy,1,3.0,1
35374,Heavy,1,0.5,1
16046,Heavy,1,5.0,1
11121,Heavy,1,2.5,1
8370,Heavy,2,3.0,2
23295,Heavy,1,3.0,1
103678,Heavy,1,3.0,1
74737,Heavy,1,0.5,1
11056,Heavy,1,4.0,1
76077,Heavy,1,4.5,1
105520,Heavy,1,3.5,1
130086,Heavy,1,2.0,1
161678,Heavy,1,3.0,1
116594,Heavy,1,3.0,1
24869,Heavy,4,3.875,4
27171,Heavy,2,4.0,2
23229,Heavy,1,4.0,1
81221,Heavy,1,4.0,1
99718,Heavy,1,3.0,1
51236,Heavy,1,5.0,1
13536,Heavy,1,1.0,1
68772,Heavy,1,3.0,1
71014,Heavy,1,4.0,1
8879,Heavy,1,5.0,1
85398,Heavy,1,4.0,1
142345,Heavy,1,4.0,1
57654,Heavy,1,3.0,1
81035,Heavy,1,5.0,1
63458,Heavy,1,4.5,1
72481,Heavy,1,3.0,1
44344,Heavy,1,2.0,1
39021,Heavy,1,3.5,1
80511,Heavy,2,3.25,2
42667,Heavy,1,1.0,1
128511,Heavy,1,5.0,1
137088,Heavy,2,4.0,2
74075,Heavy,1,3.5,1
80001,Heavy,2,4.5,2
68478,Heavy,1,5.0,1
53309,Heavy,1,4.0,1
48541,Heavy,1,5.0,1
8415,Heavy,1,3.5,1
62785,Heavy,1,4.0,1
55413,Heavy,1,1.0,1
87713,Heavy,1,3.0,1
140658,Heavy,1,4.0,1
76932,Heavy,1,4.5,1
26419,Heavy,1,3.0,1
143481,Heavy,2,5.0,2
154588,Heavy,1,3.5,1
25678,Heavy,1,5.0,1
4260,Heavy,1,5.0,1
64997,Heavy,1,3.0,1
90128,Heavy,1,3.5,1
82467,Heavy,1,3.0,1
115489,Heavy,1,3.0,1
59438,Heavy,1,5.0,1
41703,Heavy,1,3.0,1
48718,Heavy,1,3.5,1
67002,Heavy,1,4.0,1
19576,Heavy,1,4.5,1
148758,Heavy,1,5.0,1
101158,Heavy,1,4.5,1
159925,Heavy,1,4.0,1
102510,Heavy,1,3.5,1
60669,Heavy,1,5.0,1
106550,Heavy,1,4.0,1
12810,Heavy,1,5.0,1
8961,Heavy,1,4.0,1
27821,Heavy,1,1.0,1
56000,Heavy,1,4.0,1
82565,Heavy,1,4.5,1
126058,Heavy,1,4.0,1
71839,Heavy,1,5.0,1
80155,Heavy,1,2.5,1
47015,Heavy,1,5.0,1
3532,Heavy,1,3.0,1
122951,Heavy,1,4.5,1
141721,Heavy,1,5.0,1
90522,Heavy,1,5.0,1
151466,Heavy,2,3.0,2
131843,Heavy,1,4.0,1
13998,Heavy,1,3.5,1
153876,Heavy,1,4.5,1
70427,Heavy,1,4.0,1
68262,Heavy,1,5.0,1
131802,Heavy,1,3.0,1
2679,Heavy,1,3.0,1
77999,Heavy,1,5.0,1
143835,Heavy,1,4.0,1
132634,Heavy,1,3.5,1
112869,Heavy,1,5.0,1
125764,Heavy,1,4.5,1
20869,Heavy,1,4.0,1
72358,Heavy,1,1.0,1
16758,Heavy,1,3.0,1
118598,Heavy,1,4.0,1
154875,Heavy,1,4.0,1
2026,Heavy,1,1.0,1
73899,Heavy,1,4.5,1
67459,Heavy,1,2.5,1
25497,Heavy,1,4.5,1
82117,Heavy,1,3.0,1
158826,Heavy,1,3.0,1
137107,Heavy,1,5.0,1
81272,Heavy,1,1.0,1
20444,Heavy,1,5.0,1
108768,Heavy,1,3.0,1
98873,Heavy,1,4.5,1
44524,Heavy,1,2.0,1
35623,Heavy,1,3.0,1
105915,Heavy,1,4.5,1
65446,Heavy,1,4.0,1
105274,Heavy,1,3.5,1
39134,Heavy,1,3.0,1
68619,Heavy,1,2.5,1
125223,Heavy,1,2.5,1
143680,Heavy,1,5.0,1
40328,Heavy,1,2.0,1
91472,Heavy,1,5.0,1
11715,Heavy,1,4.5,1
99123,Heavy,1,2.0,1
111653,Heavy,1,5.0,1
134658,Heavy,1,5.0,1
20875,Heavy,1,1.0,1
62284,Heavy,1,3.0,1
81044,Heavy,1,4.5,1
34716,Heavy,1,3.0,1
27203,Heavy,1,3.0,1
74453,Heavy,2,4.5,2
41304,Heavy,2,3.25,2
9665,Heavy,1,3.0,1
68338,Heavy,1,3.0,1
92156,Heavy,1,4.5,1
25516,Heavy,1,4.0,1
75907,Heavy,1,5.0,1
85101,Heavy,1,5.0,1
86477,Heavy,1,5.0,1
54235,Heavy,1,3.5,1
1009,Heavy,1,2.0,1
80074,Heavy,1,3.5,1
109731,Heavy,3,2.3333333333333335,3
45345,Heavy,1,4.0,1
31332,Heavy,1,2.0,1
45672,Heavy,1,5.0,1
127280,Heavy,1,4.5,1
157723,Heavy,1,4.0,1
42224,Heavy,1,5.0,1
141455,Heavy,1,4.0,1
34425,Heavy,1,4.0,1
151102,Heavy,2,2.0,2
57731,Heavy,1,4.0,1
6983,Heavy,2,3.0,2
151289,Heavy,1,3.0,1
76270,Heavy,1,4.0,1
39392,Heavy,1,3.5,1
106391,Heavy,1,4.0,1
139315,Heavy,1,3.5,1
138135,Heavy,1,3.0,1
56473,Heavy,1,5.0,1
78721,Heavy,1,4.0,1
45205,Heavy,1,5.0,1
89057,Heavy,1,2.0,1
94910,Heavy,1,3.0,1
35229,Heavy,1,5.0,1
153809,Heavy,1,5.0,1
129763,Heavy,1,4.0,1
27196,Heavy,1,4.5,1
133917,Heavy,1,2.0,1
61565,Heavy,1,4.0,1
157680,Heavy,1,5.0,1
145442,Heavy,1,3.0,1
40894,Heavy,1,3.0,1
83008,Heavy,1,3.0,1
104274,Heavy,1,3.5,1
157769,Heavy,1,3.0,1
154321,Heavy,1,5.0,1
14754,Heavy,1,5.0,1
53654,Heavy,1,3.0,1
3490,Heavy,1,3.0,1
11377,Heavy,1,4.0,1
159523,Heavy,1,4.0,1
37639,Heavy,1,4.0,1
134814,Heavy,2,3.25,2
60069,Heavy,1,3.0,1
56116,Heavy,2,4.25,2
45195,Heavy,1,3.5,1
50368,Heavy,1,3.0,1
141317,Heavy,1,5.0,1
40098,Heavy,2,3.5,2
82849,Heavy,1,5.0,1
62889,Heavy,1,1.5,1
62118,Heavy,1,3.0,1
89323,Heavy,1,3.5,1
62538,Heavy,1,3.5,1
52419,Heavy,2,2.0,2
6118,Heavy,1,4.5,1
26538,Heavy,1,4.5,1
32259,Heavy,1,3.5,1
41865,Heavy,1,4.0,1
62633,Heavy,1,5.0,1
10077,Heavy,1,4.0,1
16148,Heavy,1,4.5,1
130047,Heavy,1,3.5,1
43307,Heavy,1,3.0,1
137094,Heavy,1,3.0,1
70446,Heavy,1,4.0,1
70825,Heavy,1,4.5,1
104146,Heavy,1,3.0,1
81344,Heavy,1,3.5,1
107872,Heavy,1,3.5,1
43407,Heavy,1,3.0,1
138815,Heavy,1,2.0,1
79161,Heavy,1,4.0,1
96279,Heavy,1,0.5,1
127451,Heavy,1,3.5,1
20913,Heavy,1,3.0,1
49879,Heavy,1,3.0,1
156005,Heavy,1,3.0,1
8666,Heavy,1,5.0,1
86686,Heavy,1,2.5,1
6063,Heavy,2,2.25,2
96834,Heavy,1,3.5,1
125711,Heavy,2,2.5,2
93388,Heavy,1,5.0,1
98173,Heavy,1,2.0,1
12244,Heavy,2,3.25,2
71350,Heavy,1,3.0,1
12578,Heavy,1,3.0,1
70145,Heavy,1,4.5,1
131684,Heavy,1,5.0,1
75136,Heavy,1,3.0,1
96207,Heavy,1,3.0,1
124960,Heavy,1,4.0,1
63069,Heavy,1,5.0,1
76318,Heavy,1,3.0,1
62997,Heavy,1,4.0,1
102802,Heavy,1,3.0,1
76347,Heavy,1,5.0,1
15594,Heavy,1,4.0,1
67491,Heavy,1,4.0,1
153941,Heavy,1,4.0,1
117565,Heavy,2,4.0,2
151273,Heavy,1,4.0,1
154059,Heavy,1,5.0,1
41483,Heavy,1,3.0,1
61511,Heavy,1,4.0,1
116145,Heavy,1,4.0,1
32178,Heavy,1,4.0,1
91468,Heavy,1,3.0,1
54911,Heavy,1,3.5,1
28217,Heavy,1,1.5,1
89611,Heavy,1,3.5,1
28108,Heavy,1,3.5,1
17714,Heavy,2,3.75,2
47573,Heavy,1,3.0,1
35487,Heavy,1,4.0,1
85146,Heavy,1,1.0,1
59880,Heavy,1,3.0,1
14811,Heavy,1,4.0,1
101520,Heavy,2,4.5,2
58535,Heavy,1,4.0,1
34886,Heavy,1,4.5,1
98753,Heavy,1,4.5,1
151588,Heavy,1,3.0,1
82916,Heavy,1,3.0,1
70306,Heavy,1,4.0,1
23649,Heavy,1,5.0,1
5208,Heavy,1,4.0,1
64173,Heavy,2,4.0,2
57522,Heavy,1,3.0,1
81801,Heavy,1,4.0,1
80651,Heavy,1,4.0,1
138672,Heavy,1,4.0,1
36673,Heavy,1,3.5,1
63181,Heavy,1,4.5,1
64280,Heavy,1,4.0,1
82067,Heavy,1,4.0,1
1474,Heavy,1,4.5,1
121952,Heavy,3,3.0,3
73822,Heavy,1,3.5,1
8935,Heavy,1,5.0,1
137511,Heavy,1,4.0,1
138733,Heavy,1,3.0,1
82845,Heavy,1,5.0,1
28895,Heavy,1,1.0,1
122984,Heavy,1,3.0,1
42410,Heavy,1,3.5,1
42426,Heavy,1,3.0,1
25775,Heavy,1,4.5,1
10805,Heavy,1,2.5,1
15479,Heavy,1,5.0,1
116571,Heavy,1,4.0,1
32338,Heavy,1,3.5,1
79201,Heavy,1,2.5,1
37672,Heavy,1,3.0,1
64476,Heavy,1,3.0,1
72095,Heavy,1,3.0,1
21751,Heavy,1,2.0,1
54770,Heavy,1,3.0,1
68473,Heavy,1,4.0,1
79580,Heavy,1,3.0,1
31137,Heavy,1,4.5,1
58144,Heavy,1,4.0,1
50238,Heavy,1,5.0,1
157303,Heavy,2,4.0,2
108607,Heavy,1,2.0,1
129501,Heavy,1,4.0,1
46898,Heavy,1,3.5,1
65940,Heavy,1,3.5,1
104199,Heavy,1,4.0,1
54458,Heavy,1,5.0,1
103112,Heavy,1,5.0,1
131690,Heavy,2,0.75,2
16987,Heavy,1,5.0,1
4775,Heavy,1,3.0,1
124818,Heavy,1,3.5,1
15631,Heavy,1,3.0,1
16262,Heavy,1,5.0,1
66804,Heavy,1,0.5,1
36531,Heavy,1,3.0,1
77028,Heavy,1,3.0,1
24373,Heavy,2,1.75,2
36143,Heavy,1,5.0,1
86824,Heavy,1,3.5,1
145098,Heavy,2,5.0,2
81290,Heavy,1,2.0,1
91718,Heavy,1,4.5,1
59919,Heavy,1,5.0,1
53753,Heavy,1,5.0,1
114414,Heavy,1,4.0,1
74171,Heavy,2,4.75,2
24294,Heavy,1,4.5,1
33204,Heavy,2,3.25,2
25296,Heavy,1,3.0,1
30920,Heavy,1,2.5,1
81019,Heavy,1,1.5,1
25540,Heavy,1,1.0,1
22399,Heavy,1,5.0,1
18733,Heavy,1,4.0,1
62180,Heavy,1,5.0,1
94626,Heavy,1,5.0,1
16780,Heavy,1,4.5,1
72905,Heavy,1,2.5,1
28356,Heavy,1,3.0,1
37589,Heavy,1,3.0,1
121307,Heavy,1,4.0,1
83811,Heavy,2,3.5,2
75755,Heavy,1,2.0,1
80467,Heavy,1,5.0,1
2492,Heavy,1,4.5,1
69617,Heavy,1,4.0,1
74433,Heavy,1,3.0,1
67825,Heavy,1,3.0,1
59771,Heavy,1,4.0,1
59798,Heavy,1,3.0,1
98489,Heavy,1,3.0,1
130087,Heavy,1,5.0,1
148475,Heavy,1,4.0,1
15431,Heavy,1,4.0,1
79525,Heavy,1,2.5,1
20,Heavy,1,5.0,1
17441,Heavy,1,4.0,1
37021,Heavy,1,4.0,1
16986,Heavy,1,0.5,1
115761,Heavy,1,3.5,1
15432,Heavy,1,4.0,1
16535,Heavy,1,5.0,1
133095,Heavy,1,4.5,1
81497,Heavy,1,5.0,1
9147,Heavy,1,3.5,1
57913,Heavy,1,4.0,1
48786,Heavy,2,3.0,2
112231,Heavy,1,3.0,1
87445,Heavy,1,5.0,1
17713,Heavy,1,4.0,1
88244,Heavy,1,3.0,1
109618,Heavy,1,4.0,1
7985,Heavy,1,5.0,1
709,Heavy,2,2.75,2
116428,Heavy,1,5.0,1
18762,Heavy,1,1.5,1
66711,Heavy,1,4.0,1
89654,Heavy,1,3.0,1
94616,Heavy,1,4.0,1
125478,Heavy,1,4.0,1
128299,Heavy,1,3.5,1
16487,Heavy,1,4.5,1
108907,Heavy,1,1.5,1
12218,Heavy,1,4.0,1
68767,Heavy,1,4.0,1
29682,Heavy,1,4.0,1
3941,Heavy,1,4.0,1
117995,Heavy,1,5.0,1
83545,Heavy,1,4.5,1
51033,Heavy,1,3.0,1
16970,Heavy,1,3.5,1
33114,Heavy,1,3.0,1
101215,Heavy,1,4.5,1
156031,Heavy,1,4.5,1
57595,Heavy,2,3.5,2
133707,Heavy,1,3.0,1
97879,Heavy,1,4.0,1
82798,Heavy,1,5.0,1
35827,Heavy,1,2.0,1
108004,Heavy,1,4.0,1
23515,Heavy,1,4.0,1
61941,Heavy,1,2.5,1
68390,Heavy,1,4.0,1
15038,Heavy,1,1.0,1
51925,Heavy,1,4.0,1
72093,Heavy,1,4.0,1
62123,Heavy,1,4.5,1
57144,Heavy,1,4.0,1
150447,Heavy,1,2.0,1
40006,Heavy,1,4.0,1
68138,Heavy,1,1.0,1
81659,Heavy,1,3.0,1
111049,Heavy,1,2.0,1
60940,Heavy,1,4.0,1
137729,Heavy,1,5.0,1
70392,Heavy,1,0.5,1
146711,Heavy,1,3.0,1
141436,Heavy,2,3.75,2
38762,Heavy,1,5.0,1
74933,Heavy,1,5.0,1
108,Heavy,1,4.0,1
84893,Heavy,1,4.0,1
12161,Heavy,1,5.0,1
128664,Heavy,1,4.0,1
20845,Heavy,1,4.0,1
22697,Heavy,1,3.5,1
65923,Heavy,1,4.0,1
9687,Heavy,2,2.25,2
119687,Heavy,1,3.5,1
128364,Heavy,1,1.5,1
72220,Heavy,1,3.5,1
39275,Heavy,1,5.0,1
8236,Heavy,1,3.5,1
84824,Heavy,1,4.0,1
155752,Heavy,1,3.0,1
86271,Heavy,1,5.0,1
86881,Heavy,1,3.5,1
132656,Heavy,1,3.0,1
115371,Heavy,1,3.5,1
33295,Heavy,1,2.5,1
32816,Heavy,2,4.0,2
38745,Heavy,1,5.0,1
44540,Heavy,1,3.0,1
44436,Heavy,1,4.5,1
61412,Heavy,2,4.0,2
70704,Heavy,2,3.25,2
48950,Heavy,1,4.5,1
69571,Heavy,1,4.0,1
160590,Heavy,1,4.0,1
5400,Heavy,1,2.0,1
2952,Heavy,1,5.0,1
133922,Heavy,1,4.5,1
152107,Heavy,1,3.0,1
54347,Heavy,1,3.5,1
26051,Heavy,1,4.0,1
111355,Heavy,1,4.0,1
53123,Heavy,1,4.5,1
54896,Heavy,1,3.5,1
156487,Heavy,1,4.0,1
96739,Heavy,1,3.5,1
296,Heavy,1,2.5,1
54382,Heavy,1,5.0,1
71211,Heavy,1,4.0,1
30605,Heavy,1,5.0,1
50659,Heavy,1,1.5,1
86870,Heavy,1,4.0,1
108704,Heavy,1,4.5,1
45361,Heavy,1,3.5,1
10583,Heavy,1,4.0,1
144301,Heavy,2,3.5,2
74519,Heavy,1,4.0,1
45038,Heavy,1,5.0,1
10937,Heavy,1,4.5,1
5329,Heavy,1,3.0,1
159828,Heavy,1,4.0,1
107939,Heavy,1,5.0,1
24650,Heavy,1,3.0,1
12452,Heavy,1,2.0,1
66899,Heavy,1,5.0,1
148485,Heavy,1,2.5,1
10777,Heavy,1,3.0,1
62929,Heavy,1,3.0,1
73771,Heavy,1,5.0,1
77097,Heavy,1,1.5,1
56569,Heavy,1,4.0,1
50538,Heavy,1,4.0,1
71076,Heavy,1,4.0,1
86157,Heavy,1,4.0,1
93847,Heavy,1,2.5,1
57582,Heavy,1,2.5,1
118415,Heavy,1,3.0,1
49364,Heavy,2,4.5,2
63431,Heavy,1,4.0,1
156950,Heavy,1,3.5,1
69923,Heavy,1,4.0,1
145156,Heavy,1,4.0,1
97002,Heavy,1,4.0,1
60511,Heavy,1,5.0,1
52413,Heavy,1,3.5,1
71639,Heavy,2,4.0,2
107981,Heavy,1,4.0,1
55499,Heavy,1,4.5,1
47796,Heavy,1,3.0,1
16954,Heavy,1,4.5,1
138256,Heavy,1,5.0,1
112556,Heavy,3,2.8333333333333335,3
95331,Heavy,1,2.5,1
8150,Heavy,1,3.5,1
149061,Heavy,1,5.0,1
46103,Heavy,1,5.0,1
56013,Heavy,1,3.0,1
101584,Heavy,1,4.0,1
38097,Heavy,1,2.5,1
152896,Heavy,1,3.5,1
56346,Heavy,1,4.5,1
155084,Heavy,1,5.0,1
126135,Heavy,1,4.5,1
76617,Heavy,1,3.0,1
100878,Heavy,1,5.0,1
80772,Heavy,1,3.0,1
56108,Heavy,1,4.5,1
52892,Heavy,1,4.0,1
141384,Heavy,1,5.0,1
160022,Heavy,1,2.0,1
31642,Heavy,1,1.0,1
61959,Heavy,1,4.0,1
49631,Heavy,1,3.5,1
82311,Heavy,2,3.0,2
92917,Heavy,1,4.0,1
128759,Heavy,1,5.0,1
39330,Heavy,1,3.0,1
37838,Heavy,1,3.0,1
17783,Heavy,1,2.5,1
63212,Heavy,1,3.0,1
13650,Heavy,1,3.0,1
9847,Heavy,1,4.0,1
60207,Heavy,1,3.0,1
128290,Heavy,1,3.5,1
83076,Heavy,2,4.0,2
35599,Heavy,1,4.0,1
77501,Heavy,1,5.0,1
111100,Heavy,1,3.0,1
94661,Heavy,1,5.0,1
31633,Heavy,1,4.5,1
118972,Heavy,1,4.0,1
90763,Heavy,1,4.5,1
17826,Heavy,1,4.0,1
125552,Heavy,1,3.0,1
41253,Heavy,1,2.0,1
72504,Heavy,1,2.5,1
14020,Heavy,1,5.0,1
58110,Heavy,1,4.0,1
107522,Heavy,1,3.0,1
66972,Heavy,1,4.0,1
54889,Heavy,1,4.0,1
63891,Heavy,1,4.0,1
4108,Heavy,1,5.0,1
152468,Heavy,1,3.5,1
86265,Heavy,1,4.5,1
99901,Heavy,1,4.0,1
4463,Heavy,1,1.5,1
54692,Heavy,1,3.0,1
43584,Heavy,1,4.5,1
90485,Heavy,1,4.0,1
56320,Heavy,2,4.25,2
64021,Heavy,1,4.0,1
158448,Heavy,1,4.0,1
123364,Heavy,1,2.0,1
79643,Heavy,1,5.0,1
51582,Heavy,1,5.0,1
121006,Heavy,1,5.0,1
89663,Heavy,2,3.25,2
153214,Heavy,1,4.0,1
879,Heavy,1,2.5,1
46571,Heavy,1,4.5,1
62873,Heavy,1,4.0,1
142344,Heavy,1,5.0,1
40491,Heavy,2,3.25,2
130465,Heavy,1,4.0,1
149989,Heavy,1,3.5,1
122380,Heavy,1,3.5,1
90331,Heavy,1,4.0,1
12017,Heavy,1,2.0,1
12103,Heavy,1,1.5,1
67186,Heavy,1,4.0,1
141321,Heavy,1,5.0,1
87238,Heavy,1,4.0,1
145647,Heavy,1,5.0,1
6747,Heavy,1,1.0,1
50082,Heavy,1,5.0,1
78159,Heavy,1,4.0,1
146680,Heavy,1,3.5,1
87698,Heavy,1,3.5,1
146297,Heavy,1,3.5,1
74507,Heavy,1,4.0,1
28640,Heavy,1,3.0,1
42014,Heavy,1,5.0,1
32159,Heavy,1,5.0,1
20573,Heavy,1,4.0,1
114050,Heavy,1,2.0,1
79571,Heavy,3,2.3333333333333335,3
124638,Heavy,1,3.5,1
54550,Heavy,1,3.0,1
40474,Heavy,1,5.0,1
89870,Heavy,1,2.5,1
45340,Heavy,1,4.0,1
85028,Heavy,2,3.0,2
99245,Heavy,1,3.5,1
70328,Heavy,3,3.1666666666666665,3
106228,Heavy,1,4.0,1
23292,Heavy,1,3.0,1
58872,Heavy,1,4.0,1
3819,Heavy,1,4.0,1
155791,Heavy,2,3.75,2
20053,Heavy,1,0.5,1
114978,Heavy,1,4.0,1
6962,Heavy,2,2.25,2
145462,Heavy,1,4.0,1
51959,Heavy,1,3.0,1
22262,Heavy,2,2.5,2
26480,Heavy,1,5.0,1
4711,Heavy,1,4.0,1
56954,Heavy,1,4.0,1
54724,Heavy,1,3.0,1
75928,Heavy,1,3.0,1
144509,Heavy,1,3.5,1
58084,Heavy,1,4.0,1
137823,Heavy,1,4.0,1
28951,Heavy,1,2.0,1
110533,Heavy,1,4.5,1
7537,Heavy,1,5.0,1
2570,Heavy,1,1.0,1
137726,Heavy,1,4.0,1
5602,Heavy,1,3.0,1
117306,Heavy,1,3.5,1
85584,Heavy,1,3.0,1
12257,Heavy,2,3.25,2
9136,Heavy,1,1.0,1
20863,Heavy,1,4.5,1
142339,Heavy,1,4.0,1
38948,Heavy,1,5.0,1
1567,Heavy,1,4.0,1
77321,Heavy,2,2.75,2
38200,Heavy,1,4.0,1
19903,Heavy,1,3.5,1
24479,Heavy,1,3.5,1
81088,Heavy,1,3.5,1
55513,Heavy,1,4.0,1
157964,Heavy,1,1.5,1
150602,Heavy,2,3.75,2
39631,Heavy,1,5.0,1
24595,Heavy,1,4.0,1
45568,Heavy,1,4.0,1
72955,Heavy,1,5.0,1
46874,Heavy,1,3.0,1
89151,Heavy,1,4.5,1
139748,Heavy,1,5.0,1
44506,Heavy,1,4.5,1
147952,Heavy,1,5.0,1
24513,Heavy,1,3.0,1
143847,Heavy,1,3.5,1
42813,Heavy,1,4.0,1
17559,Heavy,1,3.0,1
9530,Heavy,1,3.0,1
145626,Heavy,2,4.5,2
107393,Heavy,1,3.0,1
24807,Heavy,1,4.0,1
156117,Heavy,1,4.0,1
134769,Heavy,1,4.0,1
149390,Heavy,1,4.0,1
60599,Heavy,1,5.0,1
87085,Heavy,1,5.0,1
134842,Heavy,1,3.5,1
50582,Heavy,1,5.0,1
65645,Heavy,2,4.5,2
26292,Heavy,1,5.0,1
21401,Heavy,1,1.0,1
71990,Heavy,1,3.0,1
160147,Heavy,2,4.25,2
70364,Heavy,1,2.0,1
154963,Heavy,1,4.0,1
134629,Heavy,1,3.0,1
39610,Heavy,1,4.0,1
158465,Heavy,1,4.0,1
42140,Heavy,1,3.0,1
159588,Heavy,1,4.5,1
157113,Heavy,1,2.0,1
106578,Heavy,1,4.0,1
44695,Heavy,1,3.5,1
48787,Heavy,1,2.0,1
76710,Heavy,1,5.0,1
89308,Heavy,1,2.0,1
12002,Heavy,1,5.0,1
3846,Heavy,1,4.0,1
18484,Heavy,1,4.5,1
69590,Heavy,1,4.0,1
76560,Heavy,1,4.0,1
11774,Heavy,1,2.0,1
51772,Heavy,1,5.0,1
49914,Heavy,1,2.0,1
31780,Heavy,1,4.5,1
47039,Heavy,1,4.5,1
67157,Heavy,1,2.5,1
59756,Heavy,1,2.5,1
113261,Heavy,1,5.0,1
129186,Heavy,1,3.0,1
55704,Heavy,1,4.0,1
97065,Heavy,1,3.0,1
160810,Heavy,1,3.5,1
133604,Heavy,2,3.25,2
48414,Heavy,1,4.5,1
113479,Heavy,1,2.0,1
108241,Heavy,1,1.0,1
97391,Heavy,1,4.0,1
82233,Heavy,1,4.0,1
12171,Heavy,1,4.0,1
157806,Heavy,1,5.0,1
94921,Heavy,1,5.0,1
3648,Heavy,1,3.5,1
63249,Heavy,2,3.5,2
81215,Heavy,1,3.0,1
70994,Heavy,1,3.0,1
21224,Heavy,1,1.0,1
109072,Heavy,1,3.0,1
85977,Heavy,1,4.0,1
48361,Heavy,1,3.0,1
152085,Heavy,1,4.5,1
138992,Heavy,1,4.0,1
145307,Heavy,1,3.0,1
88030,Heavy,1,4.0,1
85765,Heavy,1,2.0,1
84815,Heavy,1,5.0,1
26438,Heavy,1,2.5,1
160989,Heavy,1,5.0,1
97386,Heavy,1,4.5,1
11217,Heavy,1,2.5,1
143422,Heavy,1,4.0,1
49471,Heavy,1,3.0,1
3164,Heavy,1,4.0,1
31226,Heavy,1,4.0,1
56466,Heavy,1,4.0,1
56087,Heavy,1,4.0,1
146703,Heavy,1,3.0,1
71431,Heavy,1,3.5,1
71758,Heavy,1,2.5,1
44020,Heavy,1,5.0,1
84758,Heavy,1,2.5,1
100413,Heavy,1,4.0,1
78779,Heavy,1,3.0,1
10026,Heavy,1,4.0,1
141340,Heavy,1,4.0,1
23357,Heavy,1,4.0,1
13463,Heavy,1,3.0,1
22278,Heavy,1,2.0,1
101605,Heavy,1,4.0,1
141164,Heavy,1,3.5,1
35776,Heavy,1,3.0,1
51635,Heavy,1,4.0,1
141931,Heavy,1,4.0,1
891,Heavy,1,3.5,1
72983,Heavy,1,4.5,1
88539,Heavy,2,4.0,2
29132,Heavy,1,4.0,1
146598,Heavy,1,3.5,1
29920,Heavy,1,4.0,1
91977,Heavy,1,4.5,1
152371,Heavy,1,4.5,1
54761,Heavy,1,5.0,1
59738,Heavy,1,4.0,1
83891,Heavy,1,3.5,1
12543,Heavy,1,4.0,1
15150,Heavy,1,3.0,1
137228,Heavy,1,2.0,1
99980,Heavy,1,5.0,1
53847,Heavy,1,4.0,1
37122,Heavy,1,0.5,1
67809,Heavy,1,2.5,1
39916,Heavy,2,3.5,2
24798,Heavy,1,4.0,1
13715,Heavy,1,4.0,1
99145,Heavy,1,3.5,1
21961,Heavy,1,3.5,1
144515,Heavy,1,1.0,1
57443,Heavy,1,4.0,1
161148,Heavy,1,4.5,1
60148,Heavy,1,3.5,1
76535,Heavy,1,3.0,1
22450,Heavy,1,5.0,1
33472,Heavy,1,5.0,1
109831,Heavy,1,2.0,1
51879,Heavy,1,4.5,1
91316,Heavy,1,4.0,1
34900,Heavy,1,4.0,1
66764,Heavy,2,3.25,2
97000,Heavy,2,4.75,2
29092,Heavy,1,4.0,1
82231,Heavy,3,4.666666666666667,3
143908,Heavy,1,4.0,1
70738,Heavy,1,3.5,1
17664,Heavy,1,2.5,1
73441,Heavy,1,2.0,1
43451,Heavy,1,4.0,1
24799,Heavy,1,5.0,1
108395,Heavy,1,4.0,1
32705,Heavy,1,1.5,1
108243,Heavy,1,5.0,1
32772,Heavy,1,4.0,1
55906,Heavy,1,3.0,1
40427,Heavy,1,4.0,1
24932,Heavy,1,3.0,1
108859,Heavy,1,0.5,1
60641,Heavy,1,5.0,1
19273,Heavy,1,4.5,1
17767,Heavy,1,4.0,1
127257,Heavy,1,4.0,1
70687,Heavy,1,4.5,1
20668,Heavy,2,3.0,2
31207,Heavy,1,2.0,1
60061,Heavy,1,4.0,1
22253,Heavy,2,3.75,2
26338,Heavy,1,3.0,1
84456,Heavy,1,0.5,1
54562,Heavy,1,4.0,1
53326,Heavy,1,1.0,1
42181,Heavy,2,4.0,2
94672,Heavy,1,2.0,1
48174,Heavy,1,5.0,1
55109,Heavy,1,5.0,1
54909,Heavy,2,3.75,2
63091,Heavy,1,3.0,1
36247,Heavy,1,3.0,1
79722,Heavy,1,3.0,1
91756,Heavy,1,5.0,1
142968,Heavy,1,3.5,1
6276,Heavy,1,4.5,1
92950,Heavy,1,4.0,1
82484,Heavy,2,3.75,2
99358,Heavy,1,4.0,1
30140,Heavy,1,4.0,1
45982,Heavy,2,3.75,2
80230,Heavy,1,3.5,1
16476,Heavy,1,4.0,1
104809,Heavy,1,4.0,1
8183,Heavy,1,4.0,1
97940,Heavy,1,3.0,1
52991,Heavy,1,1.5,1
94239,Heavy,2,2.75,2
56075,Heavy,1,4.0,1
47858,Heavy,1,4.0,1
107552,Heavy,1,4.0,1
18277,Heavy,1,4.0,1
54655,Heavy,1,3.5,1
58210,Heavy,1,3.0,1
78941,Heavy,1,3.5,1
140091,Heavy,1,1.0,1
78472,Heavy,1,4.0,1
120145,Heavy,1,4.0,1
122337,Heavy,2,2.0,2
66248,Heavy,1,3.0,1
28652,Heavy,2,3.0,2
118637,Heavy,1,2.5,1
97521,Heavy,1,4.0,1
67861,Heavy,1,3.0,1
16069,Heavy,1,3.0,1
129832,Heavy,1,4.0,1
115211,Heavy,2,2.5,2
66820,Heavy,1,3.0,1
64958,Heavy,1,4.5,1
37397,Heavy,1,4.0,1
55537,Heavy,1,1.0,1
54052,Heavy,1,4.5,1
18296,Heavy,1,5.0,1
50110,Heavy,1,4.0,1
147901,Heavy,1,3.5,1
107777,Heavy,1,2.5,1
39654,Heavy,1,3.5,1
79687,Heavy,1,3.5,1
44919,Heavy,1,3.5,1
47961,Heavy,1,5.0,1
91150,Heavy,1,3.0,1
41021,Heavy,1,3.0,1
108821,Heavy,1,4.0,1
40968,Heavy,1,5.0,1
15887,Heavy,1,3.5,1
131074,Heavy,1,3.0,1
87231,Heavy,1,3.0,1
35698,Heavy,1,4.5,1
92454,Heavy,1,0.5,1
69727,Heavy,1,4.5,1
48651,Heavy,1,5.0,1
137898,Heavy,1,5.0,1
45163,Heavy,1,3.5,1
86722,Heavy,1,3.5,1
28710,Heavy,1,3.5,1
73802,Heavy,1,4.0,1
4402,Heavy,1,3.0,1
30982,Heavy,3,4.5,3
29550,Heavy,2,4.25,2
38853,Heavy,1,5.0,1
76709,Heavy,1,4.5,1
36018,Heavy,1,4.5,1
77538,Heavy,1,3.5,1
61061,Heavy,1,5.0,1
56546,Heavy,1,4.0,1
24979,Heavy,1,3.0,1
103871,Heavy,1,3.5,1
12319,Heavy,1,4.0,1
113200,Heavy,1,5.0,1
6751,Heavy,1,4.0,1
59493,Heavy,1,3.0,1
45266,Heavy,1,3.5,1
5635,Heavy,1,2.0,1
40201,Heavy,1,4.5,1
4482,Heavy,1,4.5,1
49318,Heavy,1,4.0,1
98422,Heavy,1,5.0,1
58176,Heavy,1,3.0,1
1442,Heavy,1,4.5,1
87511,Heavy,1,2.0,1
60303,Heavy,1,2.5,1
18056,Heavy,1,5.0,1
139641,Heavy,1,4.0,1
100222,Heavy,1,3.0,1
11231,Heavy,1,4.0,1
133322,Heavy,1,5.0,1
140754,Heavy,1,4.0,1
129892,Heavy,1,1.5,1
21241,Heavy,1,1.0,1
133727,Heavy,1,4.5,1
42039,Heavy,1,4.0,1
44958,Heavy,1,2.0,1
75079,Heavy,1,5.0,1
20738,Heavy,2,4.25,2
84765,Heavy,1,4.0,1
150285,Heavy,1,4.0,1
62766,Heavy,1,4.5,1
52917,Heavy,1,2.0,1
56434,Heavy,1,4.0,1
29088,Heavy,1,3.0,1
125,Heavy,1,4.0,1
26191,Heavy,1,3.5,1
34616,Heavy,1,5.0,1
119832,Heavy,1,4.0,1
129129,Heavy,1,4.5,1
23029,Heavy,1,5.0,1
13868,Heavy,1,1.0,1
24774,Heavy,1,2.5,1
2282,Heavy,1,4.0,1
68673,Heavy,2,2.75,2
68878,Heavy,1,3.5,1
146525,Heavy,1,3.0,1
31394,Heavy,1,3.5,1
88090,Heavy,2,1.25,2
39183,Heavy,1,3.5,1
55633,Heavy,1,4.0,1
29044,Heavy,1,4.0,1
47028,Heavy,1,3.5,1
27475,Heavy,1,5.0,1
47103,Heavy,1,2.5,1
128915,Heavy,1,3.0,1
28863,Heavy,1,2.5,1
66024,Heavy,1,4.5,1
45016,Heavy,1,0.5,1
158690,Heavy,1,3.0,1
79235,Heavy,1,3.5,1
50020,Heavy,1,4.5,1
45021,Heavy,1,1.0,1
38806,Heavy,1,3.5,1
40902,Heavy,2,2.5,2
60349,Heavy,2,4.0,2
54328,Heavy,1,2.0,1
74183,Heavy,1,4.0,1
86372,Heavy,1,5.0,1
39905,Heavy,2,4.25,2
43344,Heavy,1,3.0,1
83733,Heavy,1,3.0,1
83897,Heavy,1,3.5,1
159316,Heavy,1,3.0,1
33781,Heavy,1,3.0,1
18174,Heavy,1,3.5,1
23059,Heavy,2,2.0,2
4079,Heavy,1,2.5,1
33401,Heavy,1,2.5,1
145288,Heavy,1,5.0,1
103734,Heavy,1,1.0,1
43563,Heavy,1,4.5,1
68292,Heavy,1,5.0,1
95820,Heavy,1,4.0,1
50021,Heavy,1,2.5,1
104994,Heavy,1,5.0,1
104745,Heavy,1,3.5,1
74266,Heavy,1,4.5,1
124422,Heavy,2,3.5,2
119475,Heavy,1,1.0,1
51068,Heavy,1,4.0,1
68921,Heavy,1,4.0,1
46380,Heavy,1,4.0,1
138723,Heavy,1,5.0,1
139809,Heavy,2,4.25,2
135608,Heavy,1,3.0,1
5814,Heavy,1,4.0,1
36556,Heavy,1,3.0,1
53965,Heavy,1,3.0,1
36467,Heavy,1,2.5,1
150561,Heavy,1,3.5,1
45189,Heavy,2,2.5,2
86719,Heavy,1,4.0,1
89816,Heavy,1,3.5,1
14727,Heavy,1,4.0,1
161669,Heavy,1,3.5,1
10684,Heavy,2,4.5,2
112636,Heavy,1,3.5,1
115059,Heavy,1,4.5,1
28608,Heavy,1,5.0,1
97893,Heavy,1,3.5,1
59747,Heavy,1,4.0,1
45751,Heavy,1,4.0,1
61518,Heavy,1,3.0,1
55996,Heavy,1,4.0,1
40023,Heavy,1,0.5,1
80749,Heavy,1,4.0,1
43785,Heavy,1,5.0,1
29760,Heavy,1,3.0,1
98265,Heavy,1,3.0,1
120513,Heavy,2,3.0,2
76128,Heavy,1,4.0,1
123375,Heavy,1,5.0,1
6065,Heavy,1,3.5,1
83842,Heavy,2,3.75,2
159453,Heavy,2,4.0,2
146708,Heavy,2,2.75,2
68625,Heavy,1,4.5,1
112341,Heavy,1,2.0,1
39784,Heavy,1,3.5,1
36932,Heavy,1,3.0,1
65914,Heavy,1,5.0,1
105276,Heavy,1,3.5,1
72018,Heavy,2,3.0,2
23808,Heavy,1,5.0,1
38342,Heavy,1,4.0,1
23411,Heavy,1,5.0,1
57934,Heavy,1,3.5,1
1709,Heavy,1,3.5,1
32069,Heavy,1,5.0,1
56444,Heavy,1,4.0,1
9107,Heavy,1,4.0,1
85467,Heavy,2,3.75,2
153336,Heavy,1,1.0,1
9463,Heavy,1,4.0,1
104652,Heavy,1,3.0,1
83807,Heavy,1,4.0,1
64441,Heavy,1,2.0,1
53259,Heavy,1,2.0,1
47459,Heavy,1,4.0,1
70812,Heavy,1,4.5,1
68464,Heavy,1,4.0,1
6301,Heavy,1,4.0,1
28712,Heavy,1,4.5,1
59681,Heavy,1,3.0,1
21002,Heavy,2,4.0,2
104983,Heavy,1,3.0,1
9738,Heavy,1,4.5,1
102699,Heavy,1,3.5,1
10350,Heavy,1,4.0,1
3929,Heavy,1,4.0,1
127859,Heavy,1,5.0,1
88205,Heavy,1,3.0,1
42812,Heavy,1,3.0,1
93369,Heavy,1,3.5,1
83488,Heavy,1,4.5,1
69858,Heavy,1,5.0,1
48589,Heavy,1,4.0,1
57296,Heavy,1,4.0,1
159149,Heavy,1,5.0,1
151332,Heavy,2,5.0,2
70682,Heavy,1,3.0,1
107284,Heavy,1,3.0,1
48403,Heavy,1,2.0,1
124253,Heavy,1,4.5,1
157877,Heavy,1,4.0,1
58572,Heavy,1,4.0,1
134837,Heavy,1,3.0,1
17125,Heavy,1,3.0,1
33793,Heavy,1,3.0,1
67494,Heavy,1,4.0,1
32784,Heavy,1,4.5,1
55545,Heavy,1,3.5,1
161339,Heavy,1,4.0,1
86635,Heavy,1,3.0,1
3180,Heavy,1,3.0,1
10915,Heavy,1,3.0,1
14224,Heavy,1,5.0,1
71600,Heavy,1,3.0,1
71135,Heavy,1,5.0,1
101918,Heavy,1,3.0,1
7669,Heavy,1,3.0,1
13803,Heavy,1,2.0,1
118051,Heavy,1,3.0,1
1052,Heavy,1,4.0,1
35714,Heavy,1,3.5,1
19016,Heavy,1,4.0,1
3154,Heavy,1,1.0,1
86106,Heavy,1,3.0,1
88657,Heavy,1,4.0,1
87952,Heavy,1,3.5,1
65376,Heavy,1,5.0,1
17712,Heavy,1,4.0,1
152137,Heavy,1,3.0,1
82330,Heavy,2,3.25,2
55815,Heavy,2,2.0,2
41944,Heavy,1,4.5,1
46597,Heavy,3,3.3333333333333335,3
108115,Heavy,1,4.0,1
48745,Heavy,1,4.0,1
10263,Heavy,1,5.0,1
74185,Heavy,3,3.8333333333333335,3
146936,Heavy,1,3.0,1
298,Heavy,1,3.0,1
76391,Heavy,1,4.0,1
70301,Heavy,1,4.0,1
73238,Heavy,1,3.0,1
65096,Heavy,1,3.0,1
118727,Heavy,1,4.0,1
44501,Heavy,1,3.5,1
156183,Heavy,1,4.5,1
69181,Heavy,1,3.0,1
141856,Heavy,1,4.5,1
35196,Heavy,2,3.75,2
37334,Heavy,1,4.0,1
100950,Heavy,1,3.0,1
8636,Heavy,1,3.5,1
152032,Heavy,1,1.0,1
151739,Heavy,1,3.5,1
17911,Heavy,1,3.5,1
67121,Heavy,2,3.5,2
12377,Heavy,1,4.0,1
91597,Heavy,2,3.0,2
56951,Heavy,1,5.0,1
73284,Heavy,1,5.0,1
129897,Heavy,1,4.0,1
76275,Heavy,1,4.0,1
23840,Heavy,1,4.0,1
135896,Heavy,1,4.0,1
149481,Heavy,1,3.5,1
98092,Heavy,1,1.5,1
36325,Heavy,2,4.5,2
68077,Heavy,1,4.0,1
7592,Heavy,1,5.0,1
9580,Heavy,1,2.0,1
17337,Heavy,1,4.0,1
158084,Heavy,1,4.5,1
144270,Heavy,1,5.0,1
77713,Heavy,1,3.5,1
44875,Heavy,2,5.0,2
145608,Heavy,1,2.5,1
162147,Heavy,1,4.5,1
74452,Heavy,1,5.0,1
75645,Heavy,1,1.0,1
142734,Heavy,1,4.0,1
159602,Heavy,1,2.5,1
43211,Heavy,2,2.75,2
108046,Heavy,1,5.0,1
46121,Heavy,1,3.0,1
134694,Heavy,1,4.5,1
84654,Heavy,1,4.0,1
76219,Heavy,1,4.0,1
47586,Heavy,1,5.0,1
80597,Heavy,1,3.0,1
24385,Heavy,1,4.0,1
150585,Heavy,1,2.0,1
131864,Heavy,1,3.0,1
52134,Heavy,1,4.5,1
84752,Heavy,1,4.0,1
77441,Heavy,2,4.25,2
92856,Heavy,1,1.0,1
29080,Heavy,1,4.5,1
11551,Heavy,1,4.0,1
28601,Heavy,1,4.5,1
68122,Heavy,1,4.0,1
95600,Heavy,1,3.5,1
87714,Heavy,1,3.0,1
51901,Heavy,1,4.0,1
81386,Heavy,1,4.5,1
55429,Heavy,1,4.5,1
2982,Heavy,2,3.25,2
1839,Heavy,1,5.0,1
97617,Heavy,1,5.0,1
44968,Heavy,1,4.0,1
128573,Heavy,2,2.5,2
90683,Heavy,1,3.0,1
13725,Heavy,1,4.0,1
91785,Heavy,1,4.0,1
155642,Heavy,1,4.0,1
19325,Heavy,1,0.5,1
35898,Heavy,2,3.0,2
34312,Heavy,1,5.0,1
120802,Heavy,1,3.0,1
90440,Heavy,1,4.0,1
36160,Heavy,2,4.25,2
60417,Heavy,1,5.0,1
139513,Heavy,1,3.5,1
54388,Heavy,1,5.0,1
20478,Heavy,1,3.5,1
76114,Heavy,1,2.0,1
100081,Heavy,1,4.0,1
41078,Heavy,1,4.0,1
101687,Heavy,1,4.0,1
77785,Heavy,1,4.0,1
107272,Heavy,1,5.0,1
85722,Heavy,1,3.0,1
5214,Heavy,1,3.0,1
150233,Heavy,2,3.75,2
96091,Heavy,1,2.0,1
79666,Heavy,1,2.5,1
16611,Heavy,1,2.5,1
100981,Heavy,1,3.0,1
130273,Heavy,1,3.0,1
43621,Heavy,1,5.0,1
25378,Heavy,1,4.0,1
154455,Heavy,1,2.0,1
10656,Heavy,1,3.0,1
99835,Heavy,1,5.0,1
154033,Heavy,1,3.0,1
13313,Heavy,1,4.0,1
5431,Heavy,1,4.0,1
55234,Heavy,1,5.0,1
152685,Heavy,1,5.0,1
32431,Heavy,1,3.5,1
21160,Heavy,1,2.0,1
77763,Heavy,1,2.0,1
112104,Heavy,1,2.5,1
131303,Heavy,1,4.5,1
107555,Heavy,1,3.0,1
147492,Heavy,1,5.0,1
79078,Heavy,1,1.0,1
2634,Heavy,1,1.5,1
105376,Heavy,2,1.5,2
145565,Heavy,1,3.0,1
20086,Heavy,1,4.5,1
24011,Heavy,1,4.0,1
29927,Heavy,1,2.0,1
43464,Heavy,1,2.0,1
63119,Heavy,1,4.5,1
24190,Heavy,1,5.0,1
87640,Heavy,1,4.5,1
155725,Heavy,1,4.0,1
35524,Heavy,1,5.0,1
8428,Heavy,1,4.0,1
11279,Heavy,1,4.5,1
35127,Heavy,1,4.0,1
86189,Heavy,1,4.5,1
50067,Heavy,1,4.0,1
17487,Heavy,1,4.0,1
54129,Heavy,1,2.0,1
35321,Heavy,1,4.0,1
135543,Heavy,1,2.5,1
10737,Heavy,1,5.0,1
1480,Heavy,2,2.0,2
100497,Heavy,1,4.0,1
147356,Heavy,1,4.5,1
32786,Heavy,1,3.0,1
116383,Heavy,1,5.0,1
104060,Heavy,1,4.0,1
30105,Heavy,1,4.0,1
52268,Heavy,1,2.0,1
90271,Heavy,1,3.0,1
10158,Heavy,3,3.3333333333333335,3
74427,Heavy,1,5.0,1
83994,Heavy,1,3.0,1
14119,Heavy,1,4.5,1
140862,Heavy,2,4.0,2
151793,Heavy,1,1.0,1
79758,Heavy,1,3.0,1
10172,Heavy,1,3.0,1
58652,Heavy,1,4.0,1
54732,Heavy,1,2.5,1
127924,Heavy,1,4.0,1
108863,Heavy,1,4.5,1
102798,Heavy,1,2.0,1
5060,Heavy,1,2.5,1
162072,Heavy,1,4.0,1
105046,Heavy,1,2.0,1
78228,Heavy,1,3.5,1
64809,Heavy,1,5.0,1
31035,Heavy,1,1.5,1
3062,Heavy,1,3.5,1
59773,Heavy,1,3.5,1
73829,Heavy,1,4.0,1
106546,Heavy,1,4.0,1
69029,Heavy,2,3.75,2
57417,Heavy,1,4.5,1
44993,Heavy,1,3.0,1
131087,Heavy,1,4.5,1
86866,Heavy,2,4.5,2
69064,Heavy,1,3.5,1
154098,Heavy,1,3.0,1
11704,Heavy,1,3.0,1
111501,Heavy,1,4.0,1
85476,Heavy,1,5.0,1
107515,Heavy,1,4.0,1
23678,Heavy,1,4.0,1
9453,Heavy,1,5.0,1
18628,Heavy,1,5.0,1
107105,Heavy,1,3.5,1
5180,Heavy,1,4.0,1
15423,Heavy,2,4.0,2
28508,Heavy,1,2.0,1
28199,Heavy,1,5.0,1
77418,Heavy,1,5.0,1
24233,Heavy,1,3.0,1
12236,Heavy,1,3.0,1
142472,Heavy,1,4.0,1
65677,Heavy,1,1.0,1
35586,Heavy,1,4.0,1
62305,Heavy,1,5.0,1
146129,Heavy,1,5.0,1
45083,Heavy,1,4.0,1
28253,Heavy,1,3.5,1
28915,Heavy,1,4.5,1
28415,Heavy,1,4.5,1
18718,Heavy,1,4.5,1
62217,Heavy,1,4.0,1
95391,Heavy,1,3.0,1
7046,Heavy,1,3.0,1
78852,Heavy,2,1.5,2
12634,Heavy,1,5.0,1
140482,Heavy,1,3.0,1
97333,Heavy,1,4.5,1
69262,Heavy,1,1.5,1
88250,Heavy,2,3.0,2
31593,Heavy,1,3.0,1
130997,Heavy,1,5.0,1
66999,Heavy,1,3.0,1
54827,Heavy,1,3.5,1
77628,Heavy,1,4.0,1
37791,Heavy,2,3.0,2
44773,Heavy,1,5.0,1
47539,Heavy,1,4.0,1
54543,Heavy,1,4.5,1
67998,Heavy,1,4.0,1
103754,Heavy,1,4.0,1
115177,Heavy,1,0.5,1
76567,Heavy,1,2.0,1
35540,Heavy,1,1.0,1
124852,Heavy,1,4.0,1
132976,Heavy,2,2.75,2
2811,Heavy,1,3.5,1
128687,Heavy,1,5.0,1
45950,Heavy,1,4.0,1
74477,Heavy,1,1.0,1
75074,Heavy,1,4.0,1
140240,Heavy,1,4.0,1
45370,Heavy,1,4.0,1
124169,Heavy,1,5.0,1
78234,Heavy,1,5.0,1
148444,Heavy,1,4.5,1
71424,Heavy,2,2.75,2
5626,Heavy,1,3.0,1
126073,Heavy,1,2.5,1
26858,Heavy,1,3.5,1
90981,Heavy,1,4.0,1
61773,Heavy,1,4.0,1
147898,Heavy,1,4.0,1
9015,Heavy,1,4.5,1
126341,Heavy,1,5.0,1
41491,Heavy,1,4.0,1
99583,Heavy,1,3.0,1
79433,Heavy,1,4.0,1
7278,Heavy,1,2.5,1
29694,Heavy,1,2.5,1
63469,Heavy,1,3.0,1
5855,Heavy,1,3.0,1
8697,Heavy,1,0.5,1
35745,Heavy,1,3.0,1
160747,Heavy,1,3.5,1
38923,Heavy,1,3.0,1
158108,Heavy,1,5.0,1
83078,Heavy,1,5.0,1
73958,Heavy,1,2.0,1
3382,Heavy,1,4.0,1
24439,Heavy,1,3.0,1
126882,Heavy,1,5.0,1
92869,Heavy,1,5.0,1
42855,Heavy,1,4.5,1
55551,Heavy,1,3.0,1
159138,Heavy,1,3.5,1
42579,Heavy,1,3.0,1
33382,Heavy,1,4.0,1
134045,Heavy,2,3.5,2
22150,Heavy,1,4.0,1
21350,Heavy,1,5.0,1
7903,Heavy,1,4.0,1
84638,Heavy,1,5.0,1
137496,Heavy,1,3.5,1
80501,Heavy,1,5.0,1
139263,Heavy,1,1.0,1
5196,Heavy,1,5.0,1
22522,Heavy,1,3.5,1
112705,Heavy,1,3.0,1
146945,Heavy,1,2.0,1
6761,Heavy,1,5.0,1
19397,Heavy,1,5.0,1
90180,Heavy,1,2.5,1
13873,Heavy,1,3.5,1
52634,Heavy,1,3.0,1
134238,Heavy,1,2.0,1
79487,Heavy,1,3.0,1
61248,Heavy,1,3.0,1
102542,Heavy,2,3.5,2
85894,Heavy,1,1.0,1
187,Heavy,1,4.0,1
1448,Heavy,1,5.0,1
29907,Heavy,1,4.0,1
41329,Heavy,1,5.0,1
13280,Heavy,1,4.0,1
16388,Heavy,1,3.5,1
44081,Heavy,1,4.0,1
109885,Heavy,1,2.5,1
109080,Heavy,1,4.0,1
148136,Heavy,1,5.0,1
35302,Heavy,1,4.0,1
114334,Heavy,1,3.0,1
78651,Heavy,1,4.5,1
78202,Heavy,2,4.5,2
6836,Heavy,1,4.0,1
51438,Heavy,2,3.25,2
29471,Heavy,1,2.5,1
75866,Heavy,1,4.0,1
45972,Heavy,1,5.0,1
31181,Heavy,1,5.0,1
106897,Heavy,2,2.75,2
81013,Heavy,1,4.0,1
63971,Heavy,1,5.0,1
14603,Heavy,1,4.0,1
39307,Heavy,1,4.5,1
107151,Heavy,1,5.0,1
148824,Heavy,1,3.0,1
117524,Heavy,1,4.0,1
86348,Heavy,1,4.0,1
13034,Heavy,1,4.0,1
35479,Heavy,2,4.0,2
44675,Heavy,1,4.5,1
106397,Heavy,1,4.0,1
3807,Heavy,1,3.5,1
144851,Heavy,1,4.0,1
26610,Heavy,1,4.0,1
160141,Heavy,1,3.5,1
30546,Heavy,1,3.5,1
9465,Heavy,1,5.0,1
39315,Heavy,2,3.0,2
25603,Heavy,1,1.0,1
124502,Heavy,1,5.0,1
39155,Heavy,2,4.0,2
28096,Heavy,1,5.0,1
110577,Heavy,1,3.0,1
105363,Heavy,1,3.0,1
110675,Heavy,1,5.0,1
8601,Heavy,1,2.0,1
6889,Heavy,1,3.0,1
147771,Heavy,1,2.0,1
84415,Heavy,1,4.0,1
29324,Heavy,1,4.0,1
137867,Heavy,1,3.5,1
24184,Heavy,1,0.5,1
33234,Heavy,1,2.5,1
134187,Heavy,1,4.0,1
48022,Heavy,1,4.5,1
11674,Heavy,1,4.0,1
151068,Heavy,2,4.0,2
119138,Heavy,1,4.5,1
74505,Heavy,1,4.0,1
72615,Heavy,1,3.5,1
59092,Heavy,1,3.5,1
5605,Heavy,1,5.0,1
128740,Heavy,1,3.0,1
132798,Heavy,1,5.0,1
103942,Heavy,1,4.0,1
133270,Heavy,1,4.0,1
9322,Heavy,1,4.5,1
70044,Heavy,1,4.0,1
58699,Heavy,1,2.5,1
160184,Heavy,1,4.0,1
116830,Heavy,1,3.0,1
146234,Heavy,1,4.0,1
142180,Heavy,1,3.5,1
104654,Heavy,1,3.5,1
61805,Heavy,1,3.0,1
78373,Heavy,1,4.5,1
25781,Heavy,1,0.5,1
29937,Heavy,1,5.0,1
41979,Heavy,1,3.5,1
38718,Heavy,1,4.0,1
41305,Heavy,1,5.0,1
41718,Heavy,1,4.5,1
37630,Heavy,1,2.0,1
78623,Heavy,2,4.0,2
127659,Heavy,2,4.5,2
9444,Heavy,1,5.0,1
29896,Heavy,1,3.0,1
35204,Heavy,1,3.5,1
146896,Heavy,1,5.0,1
25728,Heavy,1,3.5,1
55760,Heavy,1,3.0,1
55859,Heavy,1,4.0,1
10160,Heavy,1,4.0,1
75876,Heavy,1,4.5,1
75396,Heavy,1,4.0,1
137681,Heavy,1,5.0,1
127311,Heavy,1,3.5,1
24248,Heavy,1,2.5,1
53057,Heavy,1,1.5,1
27195,Heavy,1,3.0,1
52424,Heavy,1,2.5,1
85220,Heavy,1,4.0,1
37769,Heavy,1,3.0,1
27408,Heavy,1,3.0,1
47011,Heavy,1,4.0,1
27729,Heavy,1,3.0,1
43511,Heavy,1,3.5,1
13601,Heavy,1,3.0,1
38652,Heavy,2,2.75,2
19240,Heavy,2,4.5,2
78074,Heavy,1,5.0,1
155897,Heavy,1,5.0,1
9977,Heavy,1,1.0,1
16042,Heavy,1,3.0,1
11396,Heavy,1,4.0,1
80205,Heavy,2,3.0,2
18618,Heavy,1,5.0,1
19769,Heavy,1,3.0,1
99888,Heavy,1,2.0,1
145099,Heavy,1,4.5,1
138871,Heavy,1,5.0,1
36367,Heavy,1,4.0,1
15120,Heavy,1,4.5,1
3396,Heavy,1,5.0,1
128971,Heavy,1,3.5,1
152457,Heavy,1,4.0,1
92224,Heavy,1,2.0,1
120708,Heavy,1,3.0,1
44266,Heavy,1,4.0,1
158134,Heavy,1,4.5,1
1688,Heavy,1,3.0,1
133921,Heavy,1,3.0,1
22224,Heavy,1,4.5,1
70564,Heavy,1,4.0,1
69816,Heavy,1,4.0,1
74413,Heavy,1,3.5,1
143553,Heavy,1,4.0,1
161757,Heavy,1,5.0,1
24068,Heavy,1,4.5,1
95744,Heavy,1,2.0,1
98031,Heavy,1,4.5,1
77075,Heavy,1,3.0,1
48431,Heavy,1,3.0,1
89937,Heavy,1,4.5,1
56100,Heavy,1,3.0,1
19835,Heavy,3,3.1666666666666665,3
132850,Heavy,1,5.0,1
156409,Heavy,1,5.0,1
60135,Heavy,1,3.0,1
107661,Heavy,1,3.0,1
150613,Heavy,1,2.5,1
117801,Heavy,1,5.0,1
10106,Heavy,2,1.75,2
47206,Heavy,1,5.0,1
61663,Heavy,1,2.5,1
51307,Heavy,1,4.0,1
32276,Heavy,1,4.0,1
33391,Heavy,1,3.0,1
33072,Heavy,1,4.0,1
68142,Heavy,1,3.0,1
3997,Heavy,1,2.5,1
36878,Heavy,1,3.5,1
90628,Heavy,1,4.0,1
92453,Heavy,1,3.0,1
63985,Heavy,1,3.0,1
25464,Heavy,1,4.0,1
75882,Heavy,1,3.0,1
23763,Heavy,1,5.0,1
38311,Heavy,1,3.5,1
63771,Heavy,1,3.0,1
72468,Heavy,1,4.0,1
43423,Heavy,1,3.5,1
8807,Heavy,1,3.0,1
124767,Heavy,1,4.5,1
87015,Heavy,1,3.0,1
89538,Heavy,2,3.75,2
42222,Heavy,1,4.5,1
41675,Heavy,1,2.5,1
89545,Heavy,2,4.5,2
58764,Heavy,1,4.0,1
52559,Heavy,1,4.5,1
128474,Heavy,1,3.0,1
52954,Heavy,1,1.5,1
26634,Heavy,1,4.0,1
138188,Heavy,1,2.5,1
73030,Heavy,1,3.0,1
121705,Heavy,1,0.5,1
17417,Heavy,1,5.0,1
75622,Heavy,1,5.0,1
104287,Heavy,1,5.0,1
53974,Heavy,1,3.5,1
30200,Heavy,1,4.0,1
33338,Heavy,1,3.0,1
83921,Heavy,1,5.0,1
143337,Heavy,2,3.25,2
76448,Heavy,2,2.5,2
84279,Heavy,1,4.5,1
68893,Heavy,1,4.0,1
67043,Heavy,1,3.0,1
2360,Heavy,1,5.0,1
83743,Heavy,1,4.0,1
93721,Heavy,1,2.0,1
2003,Heavy,2,4.0,2
49880,Heavy,1,3.0,1
112182,Heavy,1,5.0,1
123359,Heavy,1,1.5,1
117214,Heavy,1,2.0,1
15367,Heavy,1,2.5,1
12811,Heavy,1,4.0,1
160990,Heavy,1,3.0,1
48148,Heavy,1,5.0,1
108534,Heavy,1,4.5,1
48286,Heavy,1,3.0,1
59625,Heavy,1,3.0,1
64982,Heavy,1,4.5,1
62951,Heavy,1,5.0,1
67784,Heavy,1,1.0,1
156059,Heavy,1,2.0,1
151818,Heavy,1,4.5,1
49670,Heavy,2,3.5,2
21991,Heavy,1,4.0,1
140578,Heavy,1,3.0,1
94568,Heavy,1,4.5,1
82557,Heavy,1,4.0,1
23105,Heavy,1,5.0,1
26104,Heavy,1,4.0,1
75538,Heavy,1,4.0,1
11426,Heavy,1,5.0,1
79269,Heavy,1,4.0,1
74426,Heavy,2,4.0,2
119695,Heavy,1,3.0,1
90018,Heavy,1,3.0,1
83582,Heavy,1,5.0,1
119423,Heavy,1,3.0,1
114192,Heavy,1,3.0,1
51919,Heavy,1,3.0,1
23128,Heavy,1,2.0,1
73920,Heavy,1,5.0,1
61993,Heavy,1,4.0,1
82558,Heavy,1,5.0,1
41742,Heavy,1,2.0,1
82356,Heavy,1,3.0,1
12729,Heavy,1,4.0,1
9461,Heavy,1,2.5,1
111349,Heavy,1,4.0,1
70910,Heavy,1,3.0,1
72995,Heavy,1,4.0,1
121329,Heavy,1,4.5,1
103249,Heavy,1,0.5,1
113134,Heavy,1,3.0,1
158259,Heavy,1,5.0,1
45642,Heavy,1,3.5,1
80169,Heavy,1,3.0,1
87377,Heavy,1,5.0,1
82170,Heavy,1,4.0,1
121298,Heavy,1,4.0,1
97784,Heavy,1,5.0,1
73295,Heavy,1,5.0,1
159488,Heavy,1,2.5,1
34646,Heavy,1,3.5,1
8739,Heavy,1,4.0,1
4917,Heavy,1,2.0,1
101875,Heavy,1,3.5,1
141149,Heavy,1,4.5,1
39010,Heavy,1,5.0,1
14435,Heavy,1,4.0,1
79904,Heavy,1,4.5,1
16443,Heavy,2,3.0,2
38446,Heavy,1,4.0,1
141814,Heavy,2,2.0,2
21877,Heavy,1,3.5,1
66541,Heavy,1,2.0,1
101950,Heavy,1,1.5,1
56133,Heavy,1,5.0,1
33853,Heavy,1,3.0,1
21935,Heavy,1,5.0,1
32870,Heavy,1,4.0,1
90349,Heavy,1,3.5,1
150679,Heavy,1,5.0,1
73723,Heavy,1,3.5,1
50831,Heavy,1,2.5,1
126816,Heavy,1,3.0,1
40735,Heavy,1,2.0,1
59810,Heavy,1,3.0,1
121562,Heavy,1,3.5,1
118248,Heavy,1,3.0,1
48237,Heavy,1,4.0,1
19162,Heavy,1,4.0,1
23928,Heavy,1,4.0,1
39439,Heavy,1,4.0,1
149163,Heavy,1,2.5,1
57136,Heavy,1,1.0,1
113348,Heavy,1,4.0,1
77916,Heavy,1,2.0,1
105102,Heavy,1,4.5,1
8973,Heavy,1,4.5,1
9381,Heavy,1,3.5,1
152059,Heavy,1,3.0,1
52423,Heavy,1,4.5,1
60621,Heavy,2,3.5,2
153791,Heavy,1,5.0,1
61888,Heavy,1,1.0,1
155637,Heavy,1,1.0,1
99840,Heavy,1,4.5,1
126662,Heavy,1,4.0,1
159896,Heavy,1,3.5,1
60991,Heavy,1,4.5,1
54439,Heavy,1,3.0,1
71293,Heavy,1,3.0,1
25546,Heavy,2,3.5,2
103920,Heavy,1,5.0,1
25289,Heavy,1,3.5,1
43278,Heavy,1,3.0,1
77460,Heavy,2,3.5,2
53229,Heavy,1,3.0,1
41177,Heavy,1,3.0,1
50641,Heavy,1,4.0,1
146179,Heavy,1,3.0,1
131857,Heavy,1,4.0,1
53419,Heavy,1,2.0,1
41293,Heavy,1,3.0,1
124323,Heavy,1,1.5,1
43698,Heavy,1,3.5,1
98116,Heavy,1,3.0,1
18384,Heavy,1,4.0,1
142567,Heavy,1,3.0,1
17855,Heavy,1,4.0,1
147752,Heavy,1,3.5,1
3475,Heavy,1,5.0,1
40687,Heavy,1,1.0,1
141065,Heavy,1,3.5,1
14035,Heavy,1,2.5,1
49435,Heavy,1,4.0,1
37309,Heavy,1,4.0,1
27712,Heavy,1,2.0,1
39507,Heavy,1,3.0,1
121971,Heavy,1,3.5,1
69734,Heavy,1,2.0,1
75351,Heavy,1,3.0,1
60659,Heavy,1,5.0,1
40869,Heavy,1,3.5,1
61750,Heavy,1,5.0,1
92759,Heavy,1,3.0,1
54059,Heavy,1,3.0,1
60441,Heavy,1,3.0,1
40673,Heavy,2,3.5,2
25801,Heavy,1,4.5,1
41230,Heavy,1,3.0,1
61245,Heavy,1,4.0,1
114839,Heavy,1,3.0,1
136702,Heavy,1,5.0,1
36736,Heavy,1,3.0,1
152734,Heavy,1,5.0,1
62969,Heavy,1,1.0,1
83022,Heavy,1,3.0,1
10310,Heavy,1,1.0,1
8794,Heavy,1,5.0,1
81774,Heavy,1,3.0,1
54614,Heavy,1,3.0,1
66469,Heavy,1,4.5,1
75688,Heavy,1,5.0,1
48453,Heavy,1,4.0,1
104147,Heavy,1,5.0,1
9647,Heavy,1,4.0,1
126880,Heavy,1,5.0,1
19506,Heavy,1,3.0,1
162145,Heavy,1,5.0,1
81896,Heavy,1,2.5,1
19238,Heavy,1,4.5,1
29162,Heavy,1,4.0,1
21562,Heavy,2,3.25,2
9434,Heavy,1,3.0,1
133592,Heavy,1,2.0,1
82757,Heavy,1,5.0,1
36873,Heavy,1,3.0,1
73492,Heavy,1,4.0,1
4466,Heavy,1,4.0,1
25221,Heavy,1,4.0,1
61050,Heavy,2,2.75,2
34024,Heavy,1,3.5,1
11312,Heavy,2,3.25,2
3463,Heavy,1,4.0,1
67320,Heavy,1,3.5,1
19036,Heavy,1,3.5,1
52253,Heavy,1,3.5,1
39347,Heavy,1,4.5,1
73893,Heavy,1,1.0,1
39859,Heavy,1,1.5,1
141710,Heavy,1,2.0,1
21998,Heavy,1,5.0,1
55653,Heavy,1,4.0,1
144352,Heavy,1,0.5,1
83656,Heavy,1,2.5,1
24947,Heavy,1,4.0,1
34842,Heavy,1,1.5,1
116252,Heavy,1,3.5,1
67657,Heavy,1,3.0,1
57407,Heavy,1,5.0,1
10574,Heavy,1,5.0,1
156634,Heavy,2,3.25,2
87866,Heavy,1,3.0,1
83998,Heavy,1,3.0,1
10835,Heavy,1,4.5,1
65034,Heavy,1,4.0,1
47113,Heavy,1,2.0,1
64861,Heavy,1,2.0,1
22324,Heavy,1,5.0,1
37786,Heavy,1,4.0,1
79308,Heavy,2,3.5,2
14400,Heavy,1,3.5,1
59656,Heavy,1,3.0,1
24615,Heavy,1,5.0,1
26138,Heavy,1,5.0,1
41630,Heavy,1,2.5,1
37830,Heavy,1,3.5,1
53032,Heavy,2,2.25,2
35214,Heavy,1,4.5,1
69067,Heavy,1,4.0,1
4537,Heavy,1,4.0,1
28999,Heavy,1,4.0,1
94356,Heavy,1,4.5,1
43373,Heavy,2,4.5,2
54573,Heavy,1,4.0,1
152224,Heavy,1,4.0,1
44895,Heavy,1,2.0,1
84617,Heavy,1,4.0,1
74245,Heavy,1,3.0,1
160764,Heavy,1,5.0,1
57299,Heavy,1,3.5,1
111112,Heavy,1,4.0,1
56527,Heavy,1,4.5,1
33015,Heavy,1,5.0,1
101989,Heavy,1,1.0,1
1356,Heavy,1,5.0,1
24640,Heavy,1,4.0,1
104656,Heavy,1,5.0,1
126477,Heavy,1,4.5,1
156844,Heavy,1,4.0,1
162081,Heavy,1,5.0,1
34686,Heavy,1,3.5,1
60101,Heavy,1,4.0,1
133802,Heavy,1,5.0,1
54831,Heavy,1,5.0,1
143729,Heavy,1,4.0,1
120161,Heavy,1,3.0,1
120226,Heavy,1,0.5,1
25355,Heavy,1,3.0,1
52300,Heavy,1,3.0,1
29656,Heavy,2,3.5,2
4849,Heavy,1,4.0,1
5156,Heavy,1,4.0,1
70467,Heavy,1,3.0,1
160251,Heavy,1,4.0,1
134181,Heavy,1,3.5,1
68721,Heavy,1,4.0,1
112093,Heavy,1,4.5,1
72210,Heavy,2,3.5,2
117265,Heavy,1,3.0,1
3225,Heavy,1,2.0,1
90261,Heavy,1,1.0,1
124211,Heavy,1,4.0,1
66173,Heavy,2,3.0,2
158812,Heavy,1,2.0,1
41013,Heavy,1,3.0,1
19719,Heavy,1,0.5,1
34345,Heavy,1,1.5,1
10995,Heavy,1,2.0,1
95532,Heavy,1,4.5,1
38113,Heavy,1,3.5,1
45806,Heavy,1,1.0,1
58309,Heavy,1,4.0,1
50156,Heavy,2,3.25,2
116500,Heavy,1,4.0,1
46328,Heavy,1,3.5,1
157314,Heavy,1,4.5,1
16699,Heavy,1,1.0,1
81407,Heavy,1,2.5,1
109002,Heavy,1,3.0,1
21591,Heavy,1,4.0,1
62763,Heavy,1,4.5,1
100855,Heavy,1,3.0,1
46646,Heavy,1,3.0,1
34535,Heavy,1,1.0,1
72500,Heavy,1,3.5,1
89265,Heavy,1,4.0,1
78171,Heavy,1,4.0,1
120203,Heavy,1,4.0,1
37824,Heavy,1,2.5,1
44497,Heavy,1,5.0,1
3450,Heavy,2,5.0,2
56666,Heavy,1,2.0,1
87333,Heavy,1,3.0,1
22095,Heavy,1,2.0,1
62870,Heavy,1,5.0,1
12197,Heavy,1,1.0,1
120448,Heavy,2,4.5,2
36045,Heavy,1,4.0,1
99650,Heavy,1,4.0,1
18470,Heavy,1,4.5,1
96992,Heavy,1,3.5,1
116498,Heavy,1,5.0,1
138463,Heavy,1,5.0,1
123131,Heavy,1,4.0,1
60925,Heavy,1,5.0,1
72683,Heavy,1,4.0,1
41754,Heavy,1,3.0,1
114518,Heavy,1,4.0,1
30319,Heavy,1,4.5,1
26945,Heavy,1,4.5,1
139874,Heavy,2,3.5,2
21234,Heavy,1,3.0,1
64634,Heavy,1,3.5,1
3754,Heavy,1,1.0,1
143651,Heavy,1,3.0,1
41082,Heavy,1,3.0,1
20570,Heavy,1,3.0,1
141934,Heavy,1,4.0,1
27751,Heavy,1,4.0,1
51122,Heavy,1,5.0,1
152334,Heavy,1,5.0,1
95737,Heavy,1,4.5,1
108977,Heavy,1,4.0,1
76163,Heavy,1,3.5,1
32890,Heavy,1,5.0,1
113942,Heavy,1,4.0,1
14750,Heavy,1,3.0,1
97132,Heavy,1,5.0,1
25771,Heavy,1,3.0,1
41133,Heavy,1,2.5,1
45321,Heavy,1,3.0,1
123159,Heavy,1,4.0,1
87639,Heavy,1,4.0,1
39732,Heavy,1,3.5,1
81803,Heavy,1,3.5,1
27443,Heavy,1,3.0,1
91558,Heavy,1,4.0,1
154018,Heavy,1,4.0,1
36431,Heavy,1,1.0,1
85118,Heavy,1,4.0,1
17048,Heavy,1,4.0,1
128192,Heavy,1,3.0,1
13354,Heavy,1,4.0,1
108989,Heavy,2,3.0,2
79917,Heavy,1,3.5,1
60603,Heavy,1,3.0,1
66055,Heavy,1,1.0,1
16804,Heavy,2,3.0,2
132968,Heavy,1,4.0,1
53154,Heavy,2,4.0,2
18097,Heavy,1,5.0,1
100354,Heavy,1,4.0,1
59019,Heavy,1,4.0,1
14058,Heavy,1,4.0,1
30417,Heavy,1,5.0,1
84820,Heavy,1,4.5,1
88790,Heavy,3,3.1666666666666665,3
58555,Heavy,1,5.0,1
110853,Heavy,1,2.0,1
56175,Heavy,1,2.0,1
68759,Heavy,1,4.0,1
126583,Heavy,1,3.5,1
27740,Heavy,1,3.5,1
87184,Heavy,1,4.0,1
29022,Heavy,1,3.0,1
126710,Heavy,1,3.0,1
49681,Heavy,1,4.5,1
18466,Heavy,2,4.0,2
8149,Heavy,1,3.5,1
75422,Heavy,1,5.0,1
156266,Heavy,1,5.0,1
134298,Heavy,1,3.5,1
89738,Heavy,1,3.5,1
9085,Heavy,1,3.0,1
54417,Heavy,1,3.0,1
139005,Heavy,1,2.5,1
126323,Heavy,1,4.5,1
25695,Heavy,1,3.0,1
47170,Heavy,1,3.0,1
20100,Heavy,1,3.5,1
124377,Heavy,1,2.0,1
50913,Heavy,1,4.0,1
49267,Heavy,1,5.0,1
115023,Heavy,1,3.0,1
87352,Heavy,1,3.0,1
145690,Heavy,1,3.5,1
152841,Heavy,1,3.0,1
139659,Heavy,1,4.0,1
158251,Heavy,1,2.5,1
32018,Heavy,1,4.0,1
69835,Heavy,1,4.5,1
34047,Heavy,1,4.0,1
6357,Heavy,1,4.0,1
134661,Heavy,2,2.25,2
84871,Heavy,1,4.0,1
131138,Heavy,1,4.5,1
115370,Heavy,1,2.0,1
121423,Heavy,1,5.0,1
78522,Heavy,1,1.0,1
141134,Heavy,1,3.5,1
986,Heavy,1,1.0,1
27903,Heavy,1,4.0,1
62648,Heavy,1,4.0,1
160170,Heavy,3,3.6666666666666665,3
90065,Heavy,1,3.0,1
78897,Heavy,1,2.5,1
124699,Heavy,1,3.0,1
64171,Heavy,1,3.5,1
125380,Heavy,1,5.0,1
26238,Heavy,1,3.5,1
148085,Heavy,1,4.0,1
3013,Heavy,2,1.75,2
53474,Heavy,1,3.0,1
155611,Heavy,1,4.0,1
67469,Heavy,1,0.5,1
41665,Heavy,1,4.5,1
87301,Heavy,1,2.5,1
18644,Heavy,1,4.0,1
63540,Heavy,1,1.0,1
134364,Heavy,1,3.5,1
157426,Heavy,1,3.0,1
62249,Heavy,1,4.5,1
5668,Heavy,1,5.0,1
44881,Heavy,1,5.0,1
141549,Heavy,1,4.5,1
76630,Heavy,1,4.0,1
146221,Heavy,1,3.0,1
89855,Heavy,1,2.0,1
51677,Heavy,1,4.5,1
51978,Heavy,1,0.5,1
123859,Heavy,1,4.0,1
3522,Heavy,1,3.5,1
29114,Heavy,1,5.0,1
80804,Heavy,1,3.0,1
75322,Heavy,2,3.0,2
6765,Heavy,1,2.0,1
134534,Heavy,1,2.0,1
47578,Heavy,1,3.5,1
69683,Heavy,1,4.0,1
2938,Heavy,1,2.0,1
56440,Heavy,2,3.5,2
16020,Heavy,1,3.5,1
56272,Heavy,1,3.5,1
13075,Heavy,1,4.5,1
99309,Heavy,1,4.0,1
117805,Heavy,1,4.0,1
4490,Heavy,1,5.0,1
57027,Heavy,1,2.0,1
82551,Heavy,3,4.0,3
80912,Heavy,1,3.0,1
105382,Heavy,1,5.0,1
100453,Heavy,1,4.5,1
35817,Heavy,1,3.0,1
82457,Heavy,1,0.5,1
8001,Heavy,1,3.0,1
10585,Heavy,1,3.0,1
13625,Heavy,1,4.0,1
12243,Heavy,1,4.0,1
47960,Heavy,1,4.5,1
116494,Heavy,1,3.0,1
96351,Heavy,2,3.75,2
33019,Heavy,1,4.0,1
159786,Heavy,1,2.0,1
152231,Heavy,1,3.0,1
4902,Heavy,1,3.5,1
96218,Heavy,1,3.0,1
75685,Heavy,1,3.5,1
35761,Heavy,1,3.0,1
65869,Heavy,1,4.0,1
126420,Heavy,1,5.0,1
71416,Heavy,1,4.0,1
116230,Heavy,1,4.0,1
160189,Heavy,1,3.5,1
76060,Heavy,1,4.0,1
26631,Heavy,1,2.5,1
45827,Heavy,1,2.5,1
160832,Heavy,1,3.0,1
32774,Heavy,1,4.0,1
62393,Heavy,1,2.0,1
53866,Heavy,1,4.0,1
78870,Heavy,1,4.0,1
30335,Heavy,1,3.0,1
29529,Heavy,1,4.0,1
142778,Heavy,1,5.0,1
37385,Heavy,1,3.0,1
138219,Heavy,1,3.0,1
80999,Heavy,1,4.5,1
153893,Heavy,1,4.5,1
12044,Heavy,1,5.0,1
78069,Heavy,1,2.5,1
55607,Heavy,1,4.0,1
57691,Heavy,2,3.5,2
53452,Heavy,1,3.0,1
12753,Heavy,1,3.5,1
54053,Heavy,1,4.5,1
145274,Heavy,1,3.5,1
43088,Heavy,1,5.0,1
24818,Heavy,1,3.0,1
139014,Heavy,1,4.5,1
43300,Heavy,1,4.0,1
17051,Heavy,1,1.5,1
34759,Heavy,1,5.0,1
105508,Heavy,1,4.5,1
122670,Heavy,1,4.5,1
63605,Heavy,1,3.5,1
68714,Heavy,1,4.0,1
143277,Heavy,1,3.0,1
122170,Heavy,1,5.0,1
25665,Heavy,2,3.25,2
94429,Heavy,1,4.0,1
22620,Heavy,2,3.25,2
30984,Heavy,1,4.0,1
107301,Heavy,1,4.0,1
13138,Heavy,1,4.5,1
24808,Heavy,1,4.5,1
7265,Heavy,1,2.0,1
30057,Heavy,2,3.5,2
21912,Heavy,1,3.5,1
77730,Heavy,1,4.0,1
10509,Heavy,1,3.0,1
104316,Heavy,1,5.0,1
38535,Heavy,1,3.5,1
102221,Heavy,1,4.5,1
145866,Heavy,1,3.5,1
144303,Heavy,1,3.0,1
44498,Heavy,1,3.0,1
83681,Heavy,2,4.5,2
97578,Heavy,1,5.0,1
6827,Heavy,1,5.0,1
7393,Heavy,1,4.0,1
11539,Heavy,1,5.0,1
47187,Heavy,1,4.0,1
148270,Heavy,1,3.0,1
100048,Heavy,1,3.0,1
71322,Heavy,1,4.0,1
162076,Heavy,1,3.5,1
119244,Heavy,1,3.5,1
79337,Heavy,1,3.0,1
115361,Heavy,1,3.0,1
22899,Heavy,1,3.5,1
129320,Heavy,1,4.5,1
42775,Heavy,2,4.5,2
87839,Heavy,1,3.0,1
107143,Heavy,1,1.0,1
15755,Heavy,1,4.5,1
39378,Heavy,1,4.5,1
138575,Heavy,1,2.5,1
113505,Heavy,1,3.0,1
29925,Heavy,1,3.0,1
129349,Heavy,1,4.0,1
158320,Heavy,1,4.0,1
150653,Heavy,1,5.0,1
74929,Heavy,1,4.0,1
51760,Heavy,1,4.5,1
162067,Heavy,1,3.5,1
130952,Heavy,1,3.0,1
42148,Heavy,1,4.0,1
105456,Heavy,1,4.5,1
28504,Heavy,1,4.0,1
70789,Heavy,1,2.5,1
41036,Heavy,1,3.0,1
150104,Heavy,1,3.0,1
155711,Heavy,1,4.0,1
127752,Heavy,1,1.0,1
68333,Heavy,1,3.0,1
139249,Heavy,1,3.0,1
86942,Heavy,1,3.5,1
31837,Heavy,1,2.0,1
49811,Heavy,1,3.5,1
96962,Heavy,1,3.0,1
128517,Heavy,1,5.0,1
17419,Heavy,1,3.0,1
40489,Heavy,1,2.0,1
75789,Heavy,1,4.0,1
77578,Heavy,1,3.0,1
67492,Heavy,1,3.0,1
78,Heavy,1,3.5,1
142130,Heavy,1,4.0,1
40523,Heavy,1,3.0,1
111802,Heavy,1,3.0,1
70037,Heavy,1,4.0,1
27180,Heavy,1,4.0,1
66208,Heavy,1,5.0,1
148717,Heavy,1,3.0,1
56385,Heavy,1,5.0,1
77816,Heavy,1,2.5,1
77451,Heavy,1,5.0,1
76321,Heavy,1,4.0,1
56630,Heavy,1,4.0,1
82463,Heavy,1,4.5,1
66223,Heavy,1,3.5,1
107263,Heavy,1,4.0,1
47906,Heavy,1,3.0,1
96649,Heavy,1,2.0,1
74778,Heavy,1,5.0,1
123066,Heavy,1,4.0,1
8975,Heavy,1,4.0,1
132000,Heavy,1,2.0,1
3196,Heavy,1,5.0,1
12133,Heavy,1,1.0,1
81904,Heavy,1,1.5,1
75065,Heavy,1,3.5,1
162521,Heavy,1,4.5,1
131421,Heavy,1,1.0,1
51537,Heavy,1,4.0,1
63347,Heavy,1,5.0,1
31409,Heavy,1,4.5,1
24323,Heavy,1,3.5,1
108096,Heavy,2,4.0,2
110050,Heavy,1,4.0,1
1171,Heavy,1,4.0,1
121851,Heavy,1,3.0,1
136925,Heavy,1,4.0,1
6236,Heavy,1,3.5,1
74864,Heavy,1,4.0,1
41808,Heavy,1,0.5,1
152650,Heavy,1,4.0,1
72817,Heavy,1,4.0,1
16127,Heavy,1,4.0,1
60399,Heavy,1,4.0,1
150430,Heavy,1,4.5,1
100890,Heavy,1,5.0,1
144441,Heavy,1,1.5,1
12211,Heavy,2,4.25,2
66116,Heavy,1,3.5,1
65445,Heavy,1,3.0,1
156295,Heavy,1,1.0,1
143690,Heavy,1,3.5,1
38634,Heavy,1,5.0,1
21039,Heavy,1,3.5,1
160451,Heavy,1,3.0,1
46717,Heavy,1,3.5,1
119652,Heavy,1,3.0,1
36900,Heavy,1,4.0,1
159908,Heavy,1,4.5,1
148783,Heavy,1,2.0,1
60248,Heavy,1,4.5,1
1946,Heavy,1,3.5,1
123312,Heavy,1,3.0,1
127794,Heavy,1,4.0,1
8690,Heavy,1,4.5,1
43665,Heavy,1,3.5,1
99683,Heavy,1,2.0,1
77419,Heavy,1,4.0,1
19178,Heavy,1,4.0,1
25369,Heavy,1,3.5,1
55763,Heavy,1,5.0,1
3158,Heavy,1,3.0,1
68578,Heavy,1,3.0,1
25052,Heavy,1,4.0,1
67248,Heavy,1,3.0,1
754,Heavy,1,5.0,1
129728,Heavy,1,3.0,1
97513,Heavy,1,3.5,1
78884,Heavy,1,4.0,1
67923,Heavy,1,4.0,1
52346,Heavy,1,2.0,1
9200,Heavy,1,2.0,1
48419,Heavy,1,2.5,1
37564,Heavy,1,3.0,1
78029,Heavy,1,4.0,1
63815,Heavy,1,3.0,1
23995,Heavy,1,5.0,1
66034,Heavy,1,4.0,1
81216,Heavy,1,4.0,1
83469,Heavy,1,4.0,1
11896,Heavy,1,4.0,1
69608,Heavy,1,3.0,1
44653,Heavy,1,3.0,1
75997,Heavy,1,3.0,1
21878,Heavy,1,3.0,1
70745,Heavy,1,5.0,1
109586,Heavy,2,3.25,2
47476,Heavy,1,3.0,1
16520,Heavy,1,3.0,1
64069,Heavy,1,4.0,1
38430,Heavy,1,5.0,1
38156,Heavy,1,4.0,1
70505,Heavy,1,5.0,1
134460,Heavy,1,4.0,1
135228,Heavy,1,4.0,1
35804,Heavy,2,3.0,2
135719,Heavy,1,3.0,1
34125,Heavy,1,5.0,1
78883,Heavy,1,5.0,1
62797,Heavy,1,5.0,1
71492,Heavy,1,3.0,1
71637,Heavy,2,4.0,2
67201,Heavy,1,2.0,1
69607,Heavy,1,4.0,1
39122,Heavy,1,4.0,1
136997,Heavy,1,4.5,1
98790,Heavy,1,5.0,1
160074,Heavy,1,5.0,1
55034,Heavy,1,3.0,1
147914,Heavy,1,1.5,1
86016,Heavy,1,1.5,1
98026,Heavy,1,1.0,1
150155,Heavy,1,3.5,1
86238,Heavy,1,3.0,1
86689,Heavy,1,3.0,1
38303,Heavy,1,5.0,1
13567,Heavy,1,2.5,1
71662,Heavy,2,3.5,2
37800,Heavy,1,2.5,1
93597,Heavy,1,4.0,1
22859,Heavy,2,4.25,2
57224,Heavy,1,4.0,1
112304,Heavy,1,5.0,1
80317,Heavy,1,4.5,1
158706,Heavy,1,4.5,1
3948,Heavy,3,3.1666666666666665,3
132737,Heavy,1,4.0,1
29763,Heavy,1,2.5,1
160945,Heavy,1,4.5,1
118238,Heavy,1,1.5,1
14933,Heavy,1,2.5,1
91622,Heavy,1,4.0,1
29332,Heavy,1,4.0,1
6913,Heavy,1,2.0,1
18461,Heavy,1,4.0,1
2738,Heavy,1,2.0,1
31673,Heavy,1,2.0,1
107178,Heavy,1,1.5,1
46676,Heavy,1,4.0,1
142462,Heavy,1,3.0,1
160410,Heavy,1,3.0,1
59055,Heavy,1,2.5,1
42676,Heavy,1,4.0,1
59608,Heavy,1,3.5,1
25350,Heavy,1,4.5,1
110485,Heavy,1,4.0,1
16543,Heavy,1,4.0,1
90784,Heavy,1,5.0,1
110390,Heavy,1,4.0,1
54635,Heavy,1,4.0,1
72603,Heavy,1,5.0,1
26988,Heavy,1,5.0,1
120619,Heavy,1,4.0,1
33469,Heavy,1,3.0,1
36898,Heavy,1,4.5,1
100748,Heavy,1,3.5,1
17997,Heavy,1,5.0,1
72069,Heavy,1,3.0,1
129794,Heavy,1,4.5,1
22136,Heavy,1,1.0,1
160526,Heavy,1,3.0,1
62761,Heavy,1,3.0,1
129199,Heavy,1,3.5,1
21113,Heavy,1,3.0,1
62563,Heavy,1,2.0,1
68015,Heavy,1,3.0,1
85612,Heavy,1,5.0,1
98254,Heavy,1,3.0,1
76795,Heavy,1,1.5,1
61369,Heavy,1,3.5,1
34421,Heavy,1,4.0,1
12200,Heavy,1,4.0,1
153932,Heavy,1,5.0,1
66401,Heavy,2,2.5,2
97361,Heavy,1,4.5,1
135536,Heavy,1,5.0,1
82815,Heavy,1,3.0,1
4515,Heavy,2,2.5,2
10447,Heavy,1,4.0,1
93195,Heavy,1,1.5,1
5388,Heavy,1,4.0,1
53136,Heavy,1,2.0,1
153752,Heavy,1,2.0,1
86279,Heavy,1,5.0,1
134074,Heavy,1,2.0,1
129396,Heavy,1,3.0,1
19825,Heavy,1,3.0,1
38455,Heavy,1,3.5,1
99785,Heavy,2,3.75,2
36460,Heavy,1,5.0,1
84997,Heavy,1,5.0,1
43400,Heavy,1,3.5,1
46957,Heavy,1,4.0,1
15580,Heavy,1,5.0,1
144558,Heavy,1,2.5,1
86255,Heavy,1,4.0,1
48795,Heavy,2,5.0,2
11001,Heavy,1,4.0,1
40766,Heavy,1,4.0,1
115122,Heavy,1,2.5,1
56618,Heavy,1,5.0,1
24701,Heavy,1,3.5,1
12341,Heavy,1,5.0,1
155010,Heavy,1,4.0,1
125830,Heavy,1,3.0,1
112403,Heavy,1,5.0,1
124789,Heavy,1,5.0,1
79978,Heavy,1,3.0,1
38098,Heavy,1,5.0,1
7553,Heavy,1,3.5,1
28101,Heavy,1,3.0,1
1938,Heavy,1,4.0,1
125400,Heavy,1,4.0,1
38632,Heavy,1,5.0,1
2701,Heavy,1,3.5,1
111567,Heavy,1,3.0,1
59836,Heavy,1,2.0,1
47160,Heavy,1,3.0,1
110175,Heavy,1,2.5,1
95816,Heavy,1,3.5,1
48907,Heavy,1,1.0,1
154359,Heavy,1,4.0,1
17891,Heavy,1,2.0,1
84715,Heavy,1,4.5,1
82126,Heavy,1,4.0,1
88230,Heavy,1,3.0,1
27032,Heavy,2,4.0,2
53802,Heavy,1,3.0,1
153032,Heavy,2,3.5,2
7340,Heavy,1,5.0,1
13920,Heavy,1,3.5,1
74251,Heavy,1,3.5,1
29230,Heavy,1,5.0,1
87317,Heavy,1,3.5,1
63988,Heavy,1,5.0,1
21594,Heavy,1,3.0,1
19814,Heavy,1,4.0,1
78334,Heavy,1,1.5,1
63984,Heavy,1,5.0,1
63537,Heavy,1,2.5,1
13591,Heavy,1,1.0,1
43978,Heavy,1,3.5,1
160077,Heavy,1,4.0,1
17933,Heavy,1,3.5,1
23419,Heavy,2,4.0,2
32038,Heavy,1,2.5,1
126867,Heavy,1,1.0,1
113528,Heavy,1,3.0,1
45300,Heavy,1,4.0,1
104010,Heavy,1,3.5,1
101096,Heavy,1,4.5,1
137711,Heavy,1,5.0,1
13635,Heavy,1,4.5,1
29809,Heavy,1,4.0,1
18556,Heavy,1,3.0,1
26760,Heavy,1,4.0,1
74800,Heavy,1,4.0,1
157214,Heavy,1,4.0,1
20655,Heavy,1,5.0,1
112075,Heavy,1,3.5,1
87553,Heavy,1,3.0,1
69443,Heavy,1,3.5,1
69028,Heavy,1,4.5,1
56660,Heavy,1,3.0,1
59272,Heavy,1,3.0,1
52582,Heavy,1,4.5,1
75549,Heavy,1,2.0,1
66577,Heavy,1,3.0,1
39669,Heavy,1,3.5,1
50033,Heavy,1,5.0,1
135555,Heavy,1,3.0,1
26183,Heavy,1,4.0,1
33419,Heavy,1,4.5,1
76352,Heavy,1,5.0,1
44870,Heavy,1,3.0,1
57075,Heavy,2,2.25,2
147765,Heavy,1,5.0,1
29272,Heavy,1,4.0,1
54239,Heavy,1,3.5,1
84900,Heavy,1,3.0,1
61190,Heavy,1,3.5,1
2789,Heavy,1,3.0,1
123516,Heavy,2,4.5,2
87494,Heavy,1,4.0,1
16615,Heavy,1,2.5,1
17092,Heavy,1,5.0,1
82771,Heavy,1,5.0,1
24914,Heavy,1,3.0,1
113382,Heavy,1,4.0,1
151017,Heavy,1,3.0,1
83300,Heavy,1,4.5,1
148771,Heavy,1,4.0,1
66708,Heavy,1,4.0,1
67476,Heavy,1,4.0,1
88128,Heavy,1,3.0,1
28419,Heavy,1,5.0,1
143355,Heavy,1,5.0,1
9678,Heavy,1,4.0,1
73904,Heavy,1,3.0,1
50853,Heavy,1,3.0,1
114017,Heavy,1,1.0,1
85980,Heavy,1,3.0,1
4900,Heavy,1,3.5,1
38924,Heavy,1,2.0,1
38069,Heavy,1,4.5,1
143140,Heavy,1,4.5,1
67259,Heavy,1,3.0,1
137961,Heavy,1,3.0,1
141166,Heavy,1,4.0,1
137048,Heavy,1,3.0,1
2653,Heavy,1,2.0,1
1170,Heavy,1,3.0,1
77570,Heavy,1,2.0,1
15187,Heavy,1,4.5,1
32552,Heavy,1,3.0,1
145061,Heavy,1,2.5,1
81867,Heavy,2,3.75,2
118254,Heavy,1,4.0,1
75727,Heavy,1,4.0,1
40286,Heavy,1,4.0,1
70659,Heavy,1,2.0,1
159093,Heavy,1,3.5,1
18330,Heavy,1,4.0,1
18877,Heavy,1,2.5,1
23866,Heavy,1,2.0,1
156799,Heavy,1,3.0,1
26821,Heavy,2,3.75,2
148490,Heavy,1,5.0,1
149167,Heavy,1,3.5,1
68389,Heavy,1,5.0,1
4761,Heavy,1,3.0,1
26934,Heavy,1,3.0,1
104713,Heavy,1,4.0,1
127868,Heavy,1,4.5,1
129178,Heavy,1,3.0,1
33832,Heavy,1,3.0,1
143953,Heavy,1,5.0,1
61939,Heavy,1,3.5,1
93221,Heavy,1,4.5,1
69034,Heavy,1,4.0,1
59306,Heavy,1,5.0,1
115190,Heavy,1,5.0,1
97747,Heavy,1,4.0,1
81459,Heavy,1,4.0,1
66598,Heavy,1,3.5,1
156403,Heavy,1,4.0,1
132859,Heavy,1,3.0,1
60487,Heavy,1,4.0,1
114386,Heavy,1,3.5,1
159406,Heavy,1,2.0,1
36233,Heavy,1,5.0,1
9944,Heavy,1,3.5,1
5529,Heavy,1,3.5,1
122506,Heavy,1,4.5,1
87612,Heavy,1,4.0,1
71631,Heavy,1,3.5,1
11623,Heavy,1,4.0,1
62172,Heavy,2,3.0,2
105776,Heavy,1,2.5,1
34816,Heavy,1,2.0,1
58249,Heavy,2,4.0,2
7683,Heavy,1,4.0,1
18566,Heavy,1,3.5,1
51955,Heavy,1,2.0,1
112031,Heavy,1,4.0,1
148598,Heavy,1,3.0,1
28326,Heavy,1,3.0,1
149396,Heavy,1,5.0,1
47173,Heavy,1,3.5,1
18982,Heavy,1,5.0,1
108537,Heavy,1,1.0,1
74597,Heavy,1,2.0,1
24530,Heavy,2,3.75,2
160605,Heavy,1,5.0,1
155080,Heavy,1,3.0,1
85131,Heavy,1,3.5,1
83479,Heavy,1,2.0,1
2820,Heavy,1,4.0,1
71915,Heavy,1,5.0,1
76155,Heavy,1,3.5,1
71682,Heavy,1,0.5,1
74234,Heavy,1,5.0,1
83279,Heavy,1,4.5,1
43069,Heavy,1,3.5,1
48607,Heavy,1,3.5,1
48388,Heavy,1,3.5,1
76925,Heavy,1,3.0,1
72954,Heavy,2,3.5,2
122804,Heavy,1,2.5,1
144488,Heavy,1,3.5,1
162297,Heavy,1,1.5,1
45967,Heavy,1,4.0,1
75202,Heavy,1,5.0,1
26904,Heavy,1,3.0,1
39983,Heavy,1,2.5,1
89427,Heavy,1,2.0,1
105037,Heavy,1,3.0,1
9584,Heavy,2,2.5,2
67507,Heavy,1,2.5,1
82989,Heavy,1,3.0,1
47077,Heavy,1,4.0,1
21985,Heavy,1,4.0,1
49188,Heavy,1,5.0,1
16209,Heavy,1,5.0,1
75111,Heavy,1,3.5,1
134372,Heavy,1,5.0,1
113087,Heavy,1,3.0,1
31482,Heavy,1,4.5,1
12262,Heavy,1,3.0,1
64183,Heavy,2,3.75,2
106811,Heavy,1,5.0,1
150753,Heavy,1,3.5,1
107743,Heavy,1,5.0,1
51154,Heavy,1,3.5,1
60325,Heavy,1,4.0,1
5950,Heavy,1,1.0,1
79833,Heavy,1,4.5,1
98737,Heavy,1,4.0,1
127746,Heavy,1,4.0,1
16286,Heavy,1,4.0,1
79986,Heavy,2,4.5,2
64771,Heavy,1,2.5,1
53431,Heavy,1,5.0,1
28837,Heavy,1,4.0,1
103152,Heavy,1,4.5,1
21211,Heavy,1,4.0,1
85254,Heavy,1,5.0,1
64632,Heavy,1,4.0,1
65222,Heavy,1,3.5,1
19766,Heavy,1,3.0,1
138377,Heavy,1,3.5,1
126101,Heavy,1,4.5,1
65754,Heavy,1,3.0,1
42893,Heavy,1,3.5,1
106662,Heavy,1,2.0,1
39419,Heavy,1,2.5,1
74105,Heavy,1,3.0,1
16064,Heavy,1,5.0,1
145713,Heavy,1,4.5,1
59145,Heavy,1,4.0,1
131125,Heavy,1,2.0,1
79025,Heavy,1,2.0,1
93865,Heavy,1,4.0,1
5937,Heavy,1,0.5,1
88653,Heavy,1,4.5,1
120403,Heavy,3,3.1666666666666665,3
133215,Heavy,1,3.5,1
64562,Heavy,1,5.0,1
98815,Heavy,1,3.5,1
60375,Heavy,1,5.0,1
49421,Heavy,1,3.5,1
84915,Heavy,1,3.0,1
68938,Heavy,1,3.5,1
63587,Heavy,1,2.0,1
147440,Heavy,1,4.5,1
66399,Heavy,1,5.0,1
37195,Heavy,1,3.0,1
23535,Heavy,1,3.5,1
71298,Heavy,1,3.0,1
23397,Heavy,1,4.0,1
12028,Heavy,1,3.5,1
79068,Heavy,1,3.0,1
60858,Heavy,1,2.0,1
37744,Heavy,1,3.5,1
60458,Heavy,1,5.0,1
48979,Heavy,1,4.0,1
70499,Heavy,1,5.0,1
45109,Heavy,1,3.0,1
126357,Heavy,1,3.0,1
40024,Heavy,1,4.0,1
26691,Heavy,1,3.5,1
84250,Heavy,1,2.0,1
128087,Heavy,1,5.0,1
22501,Heavy,1,2.5,1
78149,Heavy,2,3.75,2
41031,Heavy,1,4.0,1
118251,Heavy,1,3.0,1
121208,Heavy,1,4.0,1
42889,Heavy,1,3.0,1
33299,Heavy,1,3.0,1
66830,Heavy,1,3.5,1
154198,Heavy,1,4.0,1
8991,Heavy,1,2.5,1
87185,Heavy,1,5.0,1
131987,Heavy,1,3.5,1
114367,Heavy,1,2.5,1
99053,Heavy,1,4.5,1
146357,Heavy,1,4.0,1
112958,Heavy,1,2.5,1
147470,Heavy,1,5.0,1
35184,Heavy,1,4.0,1
49223,Heavy,1,4.0,1
42192,Heavy,1,3.5,1
16359,Heavy,1,4.0,1
118933,Heavy,1,4.0,1
58473,Heavy,2,4.5,2
100963,Heavy,1,3.5,1
3004,Heavy,1,4.0,1
95835,Heavy,1,2.0,1
4882,Heavy,1,3.0,1
30945,Heavy,1,2.0,1
140913,Heavy,1,2.0,1
123130,Heavy,1,2.0,1
134918,Heavy,1,3.0,1
116098,Heavy,1,3.0,1
55108,Heavy,2,3.5,2
146107,Heavy,2,4.0,2
143608,Heavy,1,4.0,1
96439,Heavy,1,3.0,1
87123,Heavy,1,3.0,1
93781,Heavy,1,2.5,1
161574,Heavy,1,3.0,1
153419,Heavy,1,1.5,1
29938,Heavy,1,3.0,1
83417,Heavy,1,5.0,1
44464,Heavy,1,5.0,1
70477,Heavy,1,3.0,1
53379,Heavy,1,1.0,1
158058,Heavy,1,4.0,1
9622,Heavy,1,3.5,1
155168,Heavy,1,4.0,1
67765,Heavy,1,3.5,1
132195,Heavy,1,3.0,1
44470,Heavy,1,4.0,1
153532,Heavy,1,3.5,1
53315,Heavy,1,5.0,1
107842,Heavy,1,4.0,1
128931,Heavy,1,3.5,1
55022,Heavy,1,3.5,1
133254,Heavy,1,4.0,1
93896,Heavy,1,2.0,1
40500,Heavy,1,4.0,1
90067,Heavy,1,3.0,1
24157,Heavy,1,3.0,1
86884,Heavy,1,3.0,1
115006,Heavy,1,5.0,1
51903,Heavy,1,4.0,1
90091,Heavy,1,1.0,1
17591,Heavy,1,3.0,1
80495,Heavy,1,4.0,1
19275,Heavy,2,3.25,2
71947,Heavy,1,3.5,1
12756,Heavy,1,4.5,1
47953,Heavy,1,4.0,1
63733,Heavy,1,4.0,1
90122,Heavy,1,0.5,1
3715,Heavy,1,3.5,1
14970,Heavy,1,4.0,1
90651,Heavy,1,5.0,1
140827,Heavy,1,5.0,1
111878,Heavy,1,5.0,1
61420,Heavy,1,5.0,1
39757,Heavy,1,3.0,1
65243,Heavy,1,3.0,1
41363,Heavy,1,3.0,1
77807,Heavy,1,5.0,1
147324,Heavy,1,3.0,1
6023,Heavy,1,4.5,1
111440,Heavy,1,5.0,1
130379,Heavy,1,4.5,1
61521,Heavy,1,5.0,1
58729,Heavy,1,5.0,1
25941,Heavy,1,2.5,1
90102,Heavy,1,4.5,1
87297,Heavy,1,3.5,1
71221,Heavy,1,4.0,1
26967,Heavy,1,4.0,1
60869,Heavy,1,3.0,1
65991,Heavy,1,4.0,1
116751,Heavy,1,4.0,1
21847,Heavy,1,3.5,1
1386,Heavy,1,3.5,1
14663,Heavy,1,4.5,1
61003,Heavy,2,4.25,2
1981,Heavy,1,4.0,1
27214,Heavy,1,1.0,1
84937,Heavy,1,5.0,1
48604,Heavy,1,1.5,1
2195,Heavy,1,5.0,1
59001,Heavy,1,2.0,1
66810,Heavy,1,5.0,1
81608,Heavy,1,0.5,1
146254,Heavy,1,4.0,1
89277,Heavy,1,3.0,1
53445,Heavy,2,3.0,2
124287,Heavy,1,4.0,1
51915,Heavy,1,4.5,1
51896,Heavy,1,5.0,1
47662,Heavy,1,4.0,1
98054,Heavy,1,4.0,1
87338,Heavy,1,4.0,1
36442,Heavy,1,4.0,1
77333,Heavy,1,5.0,1
14295,Heavy,1,1.0,1
60698,Heavy,1,4.5,1
12320,Heavy,1,3.0,1
75243,Heavy,1,4.0,1
74287,Heavy,1,3.5,1
16883,Heavy,1,5.0,1
30506,Heavy,1,5.0,1
119329,Heavy,1,3.0,1
45563,Heavy,1,5.0,1
85493,Heavy,1,4.0,1
130197,Heavy,1,5.0,1
61450,Heavy,1,4.5,1
160531,Heavy,1,2.5,1
138526,Heavy,1,4.5,1
83952,Heavy,1,4.5,1
107232,Heavy,1,1.0,1
14457,Heavy,1,3.0,1
35821,Heavy,1,3.0,1
19217,Heavy,1,1.0,1
76550,Heavy,1,4.5,1
18361,Heavy,1,4.0,1
35914,Heavy,1,5.0,1
23849,Heavy,1,3.0,1
122265,Heavy,1,1.0,1
59966,Heavy,2,2.75,2
89634,Heavy,1,4.0,1
108823,Heavy,1,3.0,1
5686,Heavy,1,3.5,1
17403,Heavy,1,4.0,1
9353,Heavy,1,5.0,1
121477,Heavy,1,4.0,1
14942,Heavy,1,5.0,1
5688,Heavy,1,4.0,1
60731,Heavy,1,4.5,1
83890,Heavy,1,4.0,1
15331,Heavy,1,3.5,1
89311,Heavy,1,3.5,1
109353,Heavy,1,4.0,1
20154,Heavy,1,3.5,1
83019,Heavy,1,2.0,1
143090,Heavy,1,3.0,1
151984,Heavy,1,4.0,1
13086,Heavy,1,3.0,1
10503,Heavy,1,3.0,1
21674,Heavy,1,4.5,1
158017,Heavy,1,4.0,1
67758,Heavy,1,2.5,1
11152,Heavy,1,4.5,1
162495,Heavy,1,2.0,1
8022,Heavy,1,3.0,1
158638,Heavy,1,3.5,1
63276,Heavy,1,4.5,1
21992,Heavy,1,5.0,1
22967,Heavy,1,5.0,1
85020,Heavy,1,4.0,1
65533,Heavy,1,5.0,1
88104,Heavy,1,4.5,1
55716,Heavy,1,4.0,1
142271,Heavy,1,4.5,1
91040,Heavy,1,3.0,1
113814,Heavy,1,2.0,1
61816,Heavy,1,5.0,1
9714,Heavy,1,3.0,1
95598,Heavy,1,5.0,1
33928,Heavy,1,4.0,1
65885,Heavy,1,3.5,1
51349,Heavy,1,3.0,1
85185,Heavy,1,5.0,1
32130,Heavy,1,4.0,1
23145,Heavy,1,4.0,1
17682,Heavy,1,4.0,1
101295,Heavy,1,3.5,1
53374,Heavy,1,4.0,1
48198,Heavy,1,4.5,1
87152,Heavy,1,3.5,1
89713,Heavy,1,4.0,1
15840,Heavy,1,4.0,1
75753,Heavy,1,5.0,1
57734,Heavy,1,4.5,1
8263,Heavy,1,3.5,1
83224,Heavy,1,5.0,1
32609,Heavy,1,0.5,1
99089,Heavy,1,4.0,1
156383,Heavy,1,3.0,1
88904,Heavy,1,4.5,1
109342,Heavy,1,4.5,1
25376,Heavy,1,4.0,1
68432,Heavy,1,3.5,1
20447,Heavy,1,4.0,1
145980,Heavy,1,3.5,1
106717,Heavy,1,3.5,1
52239,Heavy,1,4.0,1
5082,Heavy,1,4.5,1
92046,Heavy,2,2.75,2
25240,Heavy,1,3.5,1
1405,Heavy,1,4.0,1
40554,Heavy,1,4.5,1
29764,Heavy,1,4.5,1
46806,Heavy,1,3.0,1
2460,Heavy,1,3.5,1
54278,Heavy,1,4.0,1
132535,Heavy,1,4.0,1
66040,Heavy,1,3.0,1
6797,Heavy,1,3.0,1
2324,Heavy,1,4.0,1
100686,Heavy,1,3.5,1
38058,Heavy,1,4.0,1
14097,Heavy,1,3.5,1
98724,Heavy,1,2.5,1
14087,Heavy,1,5.0,1
41286,Heavy,1,3.5,1
11960,Heavy,1,4.0,1
29049,Heavy,2,2.25,2
96673,Heavy,1,3.5,1
50471,Heavy,1,4.0,1
122610,Heavy,1,3.0,1
32484,Heavy,1,5.0,1
98151,Heavy,1,3.5,1
98929,Heavy,1,2.5,1
71907,Heavy,1,3.0,1
137399,Heavy,1,3.0,1
154427,Heavy,1,4.0,1
104613,Heavy,1,0.5,1
104136,Heavy,1,2.0,1
17050,Heavy,1,1.0,1
66866,Heavy,1,3.5,1
95990,Heavy,1,4.0,1
86242,Heavy,1,4.0,1
41468,Heavy,2,4.5,2
22152,Heavy,1,3.0,1
77218,Heavy,1,3.5,1
49823,Heavy,1,4.5,1
38118,Heavy,1,4.0,1
101845,Heavy,1,4.0,1
49559,Heavy,1,4.5,1
14653,Heavy,1,3.0,1
147048,Heavy,1,2.0,1
49236,Heavy,1,4.5,1
86777,Heavy,1,2.0,1
157192,Heavy,1,5.0,1
36291,Heavy,2,2.5,2
4825,Heavy,1,3.0,1
32588,Heavy,1,3.0,1
113209,Heavy,1,4.5,1
100428,Heavy,1,4.5,1
146986,Heavy,1,1.5,1
72781,Heavy,1,3.5,1
14120,Heavy,1,4.5,1
32707,Heavy,1,4.5,1
12383,Heavy,1,4.5,1
106512,Heavy,1,2.0,1
145219,Heavy,1,4.0,1
158511,Heavy,1,2.0,1
18448,Heavy,1,3.0,1
3213,Heavy,1,4.5,1
63374,Heavy,1,4.5,1
61932,Heavy,1,4.0,1
3694,Heavy,1,5.0,1
10237,Heavy,2,4.25,2
43927,Heavy,1,4.0,1
51241,Heavy,1,4.0,1
40555,Heavy,1,4.0,1
132693,Heavy,1,4.0,1
17137,Heavy,1,4.5,1
57544,Heavy,1,4.0,1
33949,Heavy,1,3.5,1
115326,Heavy,1,4.5,1
93161,Heavy,1,3.5,1
44849,Heavy,1,4.0,1
145872,Heavy,1,3.5,1
44333,Heavy,1,4.0,1
57925,Heavy,1,4.0,1
17668,Heavy,1,4.0,1
12151,Heavy,1,3.5,1
24099,Heavy,1,4.0,1
57604,Heavy,1,5.0,1
131911,Heavy,1,3.0,1
10236,Heavy,1,5.0,1
56074,Heavy,1,1.0,1
89581,Heavy,1,3.0,1
38976,Heavy,1,4.0,1
60313,Heavy,1,4.5,1
57390,Heavy,1,4.0,1
83881,Heavy,1,1.0,1
20360,Heavy,1,4.5,1
28864,Heavy,1,5.0,1
5995,Heavy,1,3.5,1
60782,Heavy,1,3.0,1
112956,Heavy,1,2.0,1
82214,Heavy,1,3.5,1
143610,Heavy,1,5.0,1
120026,Heavy,1,4.0,1
13019,Heavy,1,5.0,1
33523,Heavy,1,4.5,1
146776,Heavy,1,4.5,1
84763,Heavy,1,3.0,1
52692,Heavy,1,2.5,1
76485,Heavy,1,3.0,1
87002,Heavy,2,4.0,2
124661,Heavy,1,2.5,1
98001,Heavy,1,2.5,1
64663,Heavy,1,4.0,1
132514,Heavy,1,4.0,1
108615,Heavy,1,1.0,1
19418,Heavy,1,3.0,1
50356,Heavy,1,1.5,1
36716,Heavy,1,4.0,1
94459,Heavy,1,2.5,1
73542,Heavy,2,3.75,2
59632,Heavy,1,4.0,1
64796,Heavy,1,3.0,1
35519,Heavy,1,5.0,1
76369,Heavy,1,5.0,1
132062,Heavy,1,4.0,1
96325,Heavy,1,5.0,1
25277,Heavy,1,3.0,1
11166,Heavy,1,4.0,1
97833,Heavy,2,4.0,2
94018,Heavy,1,4.0,1
36927,Heavy,1,3.0,1
50553,Heavy,1,4.5,1
122994,Heavy,1,3.5,1
2649,Heavy,1,5.0,1
139015,Heavy,1,4.0,1
142629,Heavy,1,3.0,1
66327,Heavy,1,4.5,1
128318,Heavy,1,4.0,1
55895,Heavy,1,4.0,1
103407,Heavy,1,4.0,1
47956,Heavy,1,5.0,1
79142,Heavy,1,5.0,1
59519,Heavy,1,5.0,1
81828,Heavy,1,3.5,1
122496,Heavy,1,3.0,1
77506,Heavy,1,4.0,1
40026,Heavy,1,4.0,1
151221,Heavy,1,2.0,1
21539,Heavy,1,4.5,1
62427,Heavy,1,4.0,1
72026,Heavy,1,3.0,1
58712,Heavy,1,3.5,1
45097,Heavy,1,4.0,1
146428,Heavy,1,4.0,1
143513,Heavy,1,3.5,1
68890,Heavy,1,3.0,1
68436,Heavy,1,4.5,1
33716,Heavy,1,5.0,1
113920,Heavy,1,3.0,1
147026,Heavy,1,4.0,1
75733,Heavy,1,3.5,1
86381,Heavy,1,3.0,1
5367,Heavy,1,3.0,1
160226,Heavy,1,3.0,1
156143,Heavy,1,4.0,1
55173,Heavy,1,4.0,1
26390,Heavy,1,2.5,1
141077,Heavy,1,4.0,1
51336,Heavy,1,4.0,1
19527,Heavy,1,4.0,1
48390,Heavy,1,3.0,1
46308,Heavy,1,4.0,1
73371,Heavy,3,4.0,3
69626,Heavy,1,2.0,1
18276,Heavy,1,4.5,1
98431,Heavy,1,5.0,1
141363,Heavy,1,2.5,1
33587,Heavy,1,3.0,1
124362,Heavy,1,4.0,1
15929,Heavy,1,3.5,1
34342,Heavy,1,3.5,1
137198,Heavy,1,3.0,1
42518,Heavy,1,4.5,1
54309,Heavy,1,4.0,1
66492,Heavy,1,4.0,1
145586,Heavy,1,3.0,1
161984,Heavy,1,2.0,1
70716,Heavy,1,2.5,1
95418,Heavy,1,4.0,1
133040,Heavy,2,3.5,2
9308,Heavy,1,2.5,1
35536,Heavy,1,3.5,1
90137,Heavy,1,3.0,1
94778,Heavy,1,4.0,1
138238,Heavy,1,4.0,1
8059,Heavy,1,3.0,1
803,Heavy,1,5.0,1
88023,Heavy,1,4.0,1
11264,Heavy,1,3.5,1
38945,Heavy,1,3.0,1
30163,Heavy,1,5.0,1
133486,Heavy,2,3.5,2
103787,Heavy,1,4.0,1
114075,Heavy,1,5.0,1
43230,Heavy,1,3.0,1
67063,Heavy,1,4.0,1
82965,Heavy,1,4.0,1
120264,Heavy,1,4.5,1
119792,Heavy,1,3.5,1
41848,Heavy,1,3.5,1
19851,Heavy,1,2.5,1
61346,Heavy,1,4.0,1
97180,Heavy,1,1.0,1
89172,Heavy,1,3.0,1
63650,Heavy,1,4.0,1
1533,Heavy,1,5.0,1
108700,Heavy,1,4.0,1
100545,Heavy,1,4.5,1
65532,Heavy,1,4.0,1
19381,Heavy,1,3.5,1
137231,Heavy,2,3.0,2
16634,Heavy,1,5.0,1
54312,Heavy,1,4.0,1
2330,Heavy,1,4.5,1
129840,Heavy,1,5.0,1
89223,Heavy,1,4.0,1
112243,Heavy,1,1.0,1
88176,Heavy,1,4.0,1
71906,Heavy,1,3.0,1
47421,Heavy,1,4.0,1
39950,Heavy,1,2.5,1
14883,Heavy,1,3.5,1
61792,Heavy,1,4.0,1
96185,Heavy,1,4.0,1
37622,Heavy,1,2.0,1
131504,Heavy,1,2.5,1
64327,Heavy,1,3.5,1
21746,Heavy,1,3.0,1
18206,Heavy,2,4.5,2
19554,Heavy,1,4.5,1
79550,Heavy,1,4.5,1
161078,Heavy,1,2.5,1
13971,Heavy,1,3.0,1
44596,Heavy,1,4.0,1
45870,Heavy,1,2.5,1
47334,Heavy,1,5.0,1
26293,Heavy,1,4.5,1
49873,Heavy,1,5.0,1
143046,Heavy,1,3.0,1
15194,Heavy,1,3.0,1
53488,Heavy,1,4.0,1
50846,Heavy,1,4.5,1
84955,Heavy,1,5.0,1
87594,Heavy,1,3.5,1
63569,Heavy,2,2.25,2
53688,Heavy,1,1.0,1
43967,Heavy,1,3.5,1
66108,Heavy,1,4.0,1
66815,Heavy,1,1.0,1
21731,Heavy,1,4.0,1
120290,Heavy,1,1.5,1
12003,Heavy,1,2.0,1
127776,Heavy,1,3.5,1
19619,Heavy,1,4.0,1
74755,Heavy,1,4.5,1
1512,Heavy,1,5.0,1
129695,Heavy,1,2.0,1
36826,Heavy,1,1.5,1
137246,Heavy,1,3.5,1
31578,Heavy,1,3.0,1
61011,Heavy,1,3.0,1
84270,Heavy,1,2.0,1
120657,Heavy,1,0.5,1
3777,Heavy,1,4.0,1
93708,Heavy,1,4.0,1
158579,Heavy,1,4.0,1
77058,Heavy,1,4.0,1
112193,Heavy,1,3.0,1
120400,Heavy,1,4.5,1
96664,Heavy,1,2.5,1
62344,Heavy,1,5.0,1
67704,Heavy,1,3.0,1
32785,Heavy,1,4.0,1
78292,Heavy,1,5.0,1
42428,Heavy,1,4.0,1
47628,Heavy,2,3.25,2
13879,Heavy,1,3.0,1
111864,Heavy,1,2.5,1
69977,Heavy,1,3.5,1
53020,Heavy,1,3.5,1
28203,Heavy,1,4.5,1
54520,Heavy,1,5.0,1
14024,Heavy,2,3.0,2
63796,Heavy,1,3.5,1
71782,Heavy,1,4.5,1
71753,Heavy,1,4.0,1
32983,Heavy,1,4.0,1
80627,Heavy,1,4.0,1
57760,Heavy,1,1.0,1
121772,Heavy,1,2.0,1
101401,Heavy,1,4.0,1
63243,Heavy,1,3.0,1
82450,Heavy,1,2.0,1
2873,Heavy,1,3.0,1
148068,Heavy,1,5.0,1
77761,Heavy,1,5.0,1
58774,Heavy,1,1.5,1
43488,Heavy,1,5.0,1
42950,Heavy,1,2.0,1
119907,Heavy,1,3.0,1
1384,Heavy,1,1.0,1
8655,Heavy,1,3.0,1
143666,Heavy,1,3.0,1
147488,Heavy,1,3.0,1
115451,Heavy,1,2.5,1
34402,Heavy,3,3.6666666666666665,3
26626,Heavy,1,4.5,1
47962,Heavy,1,4.0,1
64019,Heavy,1,2.5,1
89394,Heavy,1,3.0,1
13152,Heavy,1,3.0,1
6911,Heavy,1,4.0,1
109722,Heavy,1,4.5,1
41738,Heavy,1,4.5,1
57961,Heavy,1,5.0,1
36065,Heavy,1,2.5,1
35870,Heavy,1,3.0,1
46123,Heavy,1,4.0,1
68447,Heavy,1,4.0,1
62499,Heavy,1,3.5,1
149635,Heavy,1,3.5,1
25249,Heavy,1,4.0,1
73870,Heavy,1,0.5,1
50412,Heavy,1,2.0,1
19772,Heavy,1,5.0,1
136701,Heavy,1,4.0,1
112671,Heavy,1,5.0,1
127250,Heavy,1,4.0,1
149173,Heavy,1,5.0,1
47981,Heavy,1,4.0,1
148003,Heavy,1,4.0,1
156511,Heavy,1,3.0,1
117577,Heavy,1,3.0,1
59254,Heavy,1,2.0,1
111083,Heavy,1,5.0,1
52965,Heavy,1,4.0,1
160256,Heavy,1,3.0,1
71501,Heavy,1,5.0,1
53518,Heavy,2,2.25,2
129951,Heavy,1,5.0,1
138644,Heavy,1,4.0,1
63137,Heavy,1,3.0,1
71351,Heavy,2,3.5,2
145364,Heavy,1,5.0,1
84020,Heavy,1,4.0,1
94763,Heavy,1,3.0,1
62840,Heavy,1,2.5,1
13821,Heavy,1,4.0,1
3510,Heavy,1,3.5,1
52875,Heavy,1,5.0,1
97671,Heavy,1,3.5,1
2685,Heavy,1,3.0,1
56436,Heavy,1,3.5,1
78744,Heavy,1,5.0,1
156746,Heavy,1,3.5,1
158703,Heavy,1,3.0,1
132118,Heavy,1,3.0,1
72473,Heavy,1,4.0,1
21875,Heavy,1,3.0,1
52443,Heavy,1,4.0,1
23672,Heavy,1,3.0,1
111031,Heavy,1,2.0,1
1209,Heavy,1,1.5,1
60973,Heavy,1,2.0,1
94560,Heavy,1,3.0,1
69522,Heavy,1,5.0,1
57011,Heavy,1,4.0,1
145871,Heavy,1,3.0,1
76154,Heavy,1,2.0,1
84197,Heavy,1,2.5,1
32531,Heavy,1,3.0,1
15044,Heavy,1,3.5,1
28047,Heavy,1,4.0,1
122450,Heavy,1,3.0,1
144994,Heavy,1,5.0,1
19,Heavy,1,3.5,1
153299,Heavy,1,4.0,1
72790,Heavy,1,2.5,1
50262,Heavy,1,3.0,1
74435,Heavy,1,3.0,1
62296,Heavy,1,3.0,1
22357,Heavy,1,2.5,1
109119,Heavy,1,4.0,1
127574,Heavy,1,4.0,1
50625,Heavy,1,1.0,1
4576,Heavy,1,4.0,1
127953,Heavy,1,4.5,1
121182,Heavy,1,2.0,1
15006,Heavy,1,0.5,1
31227,Heavy,1,4.0,1
153801,Heavy,1,3.0,1
139436,Heavy,1,4.0,1
58793,Heavy,1,4.0,1
2173,Heavy,1,3.5,1
30661,Heavy,1,5.0,1
75509,Heavy,1,3.0,1
4391,Heavy,1,3.5,1
108033,Heavy,1,3.0,1
33453,Heavy,1,4.0,1
83896,Heavy,1,5.0,1
117586,Heavy,1,3.0,1
133282,Heavy,1,5.0,1
15920,Heavy,1,4.0,1
49441,Heavy,1,3.0,1
62272,Heavy,1,4.0,1
17769,Heavy,1,4.0,1
7345,Heavy,1,4.0,1
22777,Heavy,1,4.0,1
14583,Heavy,1,4.0,1
35495,Heavy,2,3.25,2
110123,Heavy,1,3.5,1
38418,Heavy,1,5.0,1
49850,Heavy,1,4.5,1
142308,Heavy,1,4.0,1
22666,Heavy,2,2.5,2
67020,Heavy,1,5.0,1
63730,Heavy,1,2.0,1
52970,Heavy,1,3.0,1
159745,Heavy,1,4.0,1
111618,Heavy,1,3.5,1
39361,Heavy,1,4.0,1
56584,Heavy,1,3.5,1
60438,Heavy,1,0.5,1
31821,Heavy,1,5.0,1
111798,Heavy,1,1.5,1
30182,Heavy,1,2.0,1
48704,Heavy,1,4.0,1
97358,Heavy,1,5.0,1
56360,Heavy,1,4.0,1
28370,Heavy,2,3.0,2
34486,Heavy,1,4.5,1
127197,Heavy,1,3.0,1
126461,Heavy,1,4.0,1
41698,Heavy,1,5.0,1
95752,Heavy,1,2.0,1
34322,Heavy,1,4.0,1
93537,Heavy,1,2.0,1
20471,Heavy,1,4.5,1
70104,Heavy,1,1.0,1
25259,Heavy,1,5.0,1
108763,Heavy,2,3.5,2
44364,Heavy,1,4.0,1
133628,Heavy,1,3.0,1
72460,Heavy,1,0.5,1
56961,Heavy,1,4.0,1
84539,Heavy,1,4.0,1
83212,Heavy,1,3.0,1
160278,Heavy,1,5.0,1
115276,Heavy,1,4.5,1
82312,Heavy,1,3.0,1
38978,Heavy,1,5.0,1
39058,Heavy,1,5.0,1
114515,Heavy,1,5.0,1
84484,Heavy,1,3.5,1
66353,Heavy,1,3.5,1
109891,Heavy,1,4.0,1
113220,Heavy,1,3.5,1
22721,Heavy,1,5.0,1
155161,Heavy,1,5.0,1
2155,Heavy,1,3.0,1
26627,Heavy,1,5.0,1
100863,Heavy,1,4.0,1
108491,Heavy,1,4.0,1
160044,Heavy,1,2.0,1
68633,Heavy,1,5.0,1
91340,Heavy,2,4.25,2
159871,Heavy,1,3.0,1
23422,Heavy,1,5.0,1
551,Heavy,1,3.5,1
35416,Heavy,1,3.0,1
36949,Heavy,1,1.0,1
54091,Heavy,1,2.0,1
155584,Heavy,1,3.0,1
71319,Heavy,1,3.0,1
84158,Heavy,1,3.0,1
8940,Heavy,1,4.0,1
73106,Heavy,1,3.0,1
157698,Heavy,1,3.0,1
152245,Heavy,1,4.0,1
73895,Heavy,1,3.0,1
113678,Heavy,1,3.0,1
160506,Heavy,1,5.0,1
136305,Heavy,1,3.0,1
151117,Heavy,1,4.0,1
38906,Heavy,1,3.5,1
136857,Heavy,1,2.5,1
86723,Heavy,1,3.0,1
143963,Heavy,1,3.0,1
105615,Heavy,1,3.0,1
139113,Heavy,1,3.5,1
27638,Heavy,1,5.0,1
81546,Heavy,1,5.0,1
48879,Heavy,1,3.0,1
44922,Heavy,1,4.0,1
31368,Heavy,1,5.0,1
84345,Heavy,1,5.0,1
87569,Heavy,1,2.0,1
93837,Heavy,1,3.0,1
84285,Heavy,1,4.0,1
134739,Heavy,1,3.0,1
30635,Heavy,1,3.5,1
48914,Heavy,1,2.0,1
90877,Heavy,1,4.0,1
74188,Heavy,1,0.5,1
61549,Heavy,1,3.0,1
60997,Heavy,1,3.0,1
43847,Heavy,1,5.0,1
142705,Heavy,1,5.0,1
47896,Heavy,1,4.5,1
1766,Heavy,1,4.0,1
143271,Heavy,1,3.0,1
156247,Heavy,1,2.5,1
11743,Heavy,1,4.5,1
84553,Heavy,1,3.0,1
44631,Heavy,1,4.0,1
80981,Heavy,1,4.0,1
150330,Heavy,1,4.0,1
137271,Heavy,1,5.0,1
19479,Heavy,1,3.0,1
94746,Heavy,1,3.0,1
71893,Heavy,1,5.0,1
71539,Heavy,1,3.0,1
15691,Heavy,1,3.0,1
19707,Heavy,1,3.5,1
77960,Heavy,1,1.0,1
22552,Heavy,1,2.0,1
132485,Heavy,1,3.0,1
25980,Heavy,1,2.5,1
25349,Heavy,1,3.0,1
159544,Heavy,1,5.0,1
87132,Heavy,1,5.0,1
17924,Heavy,1,0.5,1
9826,Heavy,1,3.0,1
42407,Heavy,1,4.0,1
124875,Heavy,1,2.0,1
67906,Heavy,1,4.0,1
63326,Heavy,1,4.0,1
71292,Heavy,1,2.5,1
51647,Heavy,1,3.0,1
59933,Heavy,1,3.0,1
65230,Heavy,1,4.0,1
151589,Heavy,1,0.5,1
160684,Heavy,2,5.0,2
84996,Heavy,2,3.5,2
155756,Heavy,1,2.5,1
138158,Heavy,1,3.0,1
15525,Heavy,1,4.0,1
30339,Heavy,1,3.5,1
64292,Heavy,1,2.0,1
32718,Heavy,1,4.0,1
64650,Heavy,1,4.5,1
43129,Heavy,1,4.5,1
36071,Heavy,1,4.0,1
13828,Heavy,1,2.0,1
40299,Heavy,1,3.5,1
149878,Heavy,1,2.0,1
60921,Heavy,1,3.0,1
26987,Heavy,1,5.0,1
151376,Heavy,1,5.0,1
74319,Heavy,1,3.0,1
151196,Heavy,2,1.5,2
38203,Heavy,1,4.5,1
62266,Heavy,1,3.0,1
56487,Heavy,1,1.0,1
42718,Heavy,1,5.0,1
13447,Heavy,1,5.0,1
115918,Heavy,1,4.0,1
160543,Heavy,2,2.5,2
60077,Heavy,1,4.0,1
30008,Heavy,1,4.0,1
46456,Heavy,1,4.0,1
130929,Heavy,1,4.0,1
19512,Heavy,1,4.0,1
36918,Heavy,1,4.0,1
55503,Heavy,1,1.0,1
142471,Heavy,1,3.0,1
26574,Heavy,1,3.5,1
93397,Heavy,1,4.0,1
136046,Heavy,2,4.25,2
56673,Heavy,1,3.0,1
101996,Heavy,1,4.0,1
109221,Heavy,1,4.0,1
117221,Heavy,1,3.5,1
18775,Heavy,1,3.5,1
73023,Heavy,1,4.0,1
37907,Heavy,1,4.0,1
154931,Heavy,1,0.5,1
160071,Heavy,1,4.0,1
19728,Heavy,1,5.0,1
58430,Heavy,1,5.0,1
93530,Heavy,1,4.5,1
25569,Heavy,1,5.0,1
68953,Heavy,1,2.0,1
88459,Heavy,1,4.0,1
10037,Heavy,1,4.0,1
35414,Heavy,1,4.5,1
38451,Heavy,1,4.0,1
10279,Heavy,1,3.0,1
38264,Heavy,1,4.0,1
129691,Heavy,1,4.5,1
25051,Heavy,1,4.5,1
63156,Heavy,1,2.5,1
26121,Heavy,1,1.0,1
85654,Heavy,1,5.0,1
21787,Heavy,1,3.0,1
84295,Heavy,1,3.0,1
20645,Heavy,1,2.5,1
125200,Heavy,1,4.0,1
75716,Heavy,1,4.5,1
24706,Heavy,1,3.5,1
32214,Heavy,1,3.0,1
66177,Heavy,1,1.0,1
47612,Heavy,1,3.0,1
64803,Heavy,1,5.0,1
54545,Heavy,1,2.0,1
160991,Heavy,1,4.5,1
82588,Heavy,1,3.5,1
41503,Heavy,1,3.0,1
75558,Heavy,1,3.5,1
10125,Heavy,1,4.0,1
3760,Heavy,1,4.0,1
75894,Heavy,1,3.5,1
125258,Heavy,1,2.0,1
115037,Heavy,2,3.75,2
17915,Heavy,1,3.0,1
122848,Heavy,1,2.0,1
72624,Heavy,1,4.0,1
17081,Heavy,1,2.0,1
130851,Heavy,1,4.5,1
104992,Heavy,1,4.0,1
92733,Heavy,1,5.0,1
150378,Heavy,1,3.0,1
148832,Heavy,1,3.0,1
8096,Heavy,1,3.5,1
62485,Heavy,1,4.0,1
117731,Heavy,1,3.0,1
131314,Heavy,1,2.5,1
10218,Heavy,1,4.0,1
120919,Heavy,1,4.0,1
51480,Heavy,1,4.0,1
88436,Heavy,1,2.0,1
38540,Heavy,1,4.0,1
10512,Heavy,1,4.5,1
152455,Heavy,1,2.0,1
87928,Heavy,1,5.0,1
20424,Heavy,1,4.0,1
158794,Heavy,1,5.0,1
59310,Heavy,1,3.5,1
24459,Heavy,1,3.5,1
160185,Heavy,2,1.5,2
7274,Heavy,1,4.0,1
64050,Heavy,1,0.5,1
99781,Heavy,1,4.0,1
97947,Heavy,1,5.0,1
17071,Heavy,1,3.0,1
91024,Heavy,1,5.0,1
85130,Heavy,1,4.0,1
53737,Heavy,1,3.5,1
60685,Heavy,1,3.5,1
111364,Heavy,1,4.5,1
35393,Heavy,1,5.0,1
27919,Heavy,1,4.5,1
143772,Heavy,1,4.0,1
88804,Heavy,1,3.0,1
18184,Heavy,1,4.0,1
115099,Heavy,1,3.0,1
160395,Heavy,1,2.5,1
83055,Heavy,1,4.5,1
141381,Heavy,1,4.0,1
72934,Heavy,2,4.0,2
148131,Heavy,1,3.0,1
149941,Heavy,1,1.5,1
51814,Heavy,1,3.0,1
38960,Heavy,1,4.0,1
4965,Heavy,1,3.0,1
88580,Heavy,1,4.0,1
63267,Heavy,1,4.0,1
63751,Heavy,1,3.0,1
33147,Heavy,1,5.0,1
43769,Heavy,1,4.0,1
86149,Heavy,1,3.0,1
9752,Heavy,1,5.0,1
68275,Heavy,1,5.0,1
27896,Heavy,1,4.0,1
70671,Heavy,1,3.5,1
37059,Heavy,1,3.5,1
74328,Heavy,1,5.0,1
26254,Heavy,1,4.0,1
121041,Heavy,1,4.5,1
43109,Heavy,1,2.0,1
8999,Heavy,1,3.0,1
115925,Heavy,1,4.0,1
111872,Heavy,1,3.0,1
139735,Heavy,1,5.0,1
72150,Heavy,1,4.0,1
60285,Heavy,1,4.0,1
15938,Heavy,1,4.0,1
12693,Heavy,1,4.0,1
72189,Heavy,1,1.5,1
93383,Heavy,1,4.0,1
69448,Heavy,1,3.5,1
89360,Heavy,1,4.5,1
130618,Heavy,1,4.0,1
67223,Heavy,1,3.5,1
59232,Heavy,1,5.0,1
67130,Heavy,1,3.0,1
42328,Heavy,1,4.5,1
30211,Heavy,1,2.5,1
7057,Heavy,1,4.5,1
1570,Heavy,1,4.0,1
109029,Heavy,1,4.0,1
41837,Heavy,1,5.0,1
146616,Heavy,1,4.0,1
53412,Heavy,1,3.5,1
99325,Heavy,1,4.5,1
35605,Heavy,1,3.5,1
109305,Heavy,1,3.5,1
58824,Heavy,1,3.5,1
25034,Heavy,1,3.0,1
25851,Heavy,1,2.5,1
56230,Heavy,1,4.0,1
22796,Heavy,2,4.25,2
50887,Heavy,2,3.75,2
152707,Heavy,1,4.0,1
4650,Heavy,1,3.5,1
5146,Heavy,1,3.0,1
144827,Heavy,1,2.0,1
38773,Heavy,1,2.0,1
97994,Heavy,1,3.0,1
68404,Heavy,1,3.0,1
76148,Heavy,1,1.0,1
30634,Heavy,1,5.0,1
150259,Heavy,1,4.5,1
42466,Heavy,1,4.0,1
83955,Heavy,1,4.0,1
32865,Heavy,1,2.0,1
57965,Heavy,1,4.0,1
61376,Heavy,1,5.0,1
65343,Heavy,1,5.0,1
104585,Heavy,1,3.0,1
156310,Heavy,1,1.5,1
38415,Heavy,1,4.0,1
82552,Heavy,1,2.0,1
5465,Heavy,1,2.5,1
68219,Heavy,1,5.0,1
23148,Heavy,1,4.0,1
113056,Heavy,1,2.0,1
36605,Heavy,1,1.0,1
102643,Heavy,1,4.0,1
68002,Heavy,1,5.0,1
26774,Heavy,1,4.0,1
59017,Heavy,1,4.0,1
76311,Heavy,1,3.5,1
10208,Heavy,1,3.5,1
77972,Heavy,1,4.0,1
156039,Heavy,1,3.5,1
58509,Heavy,2,2.0,2
42296,Heavy,2,3.5,2
33525,Heavy,1,4.5,1
109863,Heavy,1,1.0,1
21272,Heavy,1,3.0,1
153569,Heavy,1,5.0,1
30053,Heavy,1,4.0,1
27258,Heavy,1,5.0,1
130053,Heavy,2,3.5,2
127206,Heavy,1,4.5,1
140662,Heavy,1,4.0,1
93651,Heavy,1,3.0,1
49044,Heavy,1,3.5,1
44404,Heavy,1,4.0,1
74914,Heavy,1,5.0,1
139482,Heavy,1,0.5,1
50601,Heavy,1,5.0,1
53416,Heavy,1,1.0,1
85115,Heavy,3,3.1666666666666665,3
13194,Heavy,1,3.0,1
115989,Heavy,1,4.0,1
63857,Heavy,1,4.5,1
5660,Heavy,1,5.0,1
121859,Heavy,1,4.0,1
133026,Heavy,1,3.0,1
33388,Heavy,1,4.0,1
80152,Heavy,1,4.5,1
53679,Heavy,1,3.0,1
154159,Heavy,1,4.0,1
32780,Heavy,1,2.0,1
51354,Heavy,1,4.0,1
29413,Heavy,1,5.0,1
14528,Heavy,1,4.0,1
51946,Heavy,1,1.0,1
29532,Heavy,1,5.0,1
47925,Heavy,1,5.0,1
24572,Heavy,1,3.0,1
129049,Heavy,1,3.5,1
7082,Heavy,1,4.0,1
89326,Heavy,1,5.0,1
14495,Heavy,1,3.0,1
11932,Heavy,1,4.0,1
146898,Heavy,1,3.5,1
65883,Heavy,1,3.0,1
103749,Heavy,1,5.0,1
41939,Heavy,1,3.5,1
23323,Heavy,1,4.0,1
58822,Heavy,1,4.0,1
97201,Heavy,1,3.0,1
69811,Heavy,1,3.0,1
57715,Heavy,1,3.5,1
22226,Heavy,1,3.5,1
122367,Heavy,1,3.5,1
144286,Heavy,1,3.5,1
84613,Heavy,2,4.0,2
117152,Heavy,1,4.0,1
105647,Heavy,1,3.5,1
24634,Heavy,1,3.0,1
47742,Heavy,1,3.0,1
62525,Heavy,1,3.0,1
28436,Heavy,1,3.0,1
47061,Heavy,1,3.5,1
56041,Heavy,1,2.0,1
38890,Heavy,1,3.0,1
32762,Heavy,1,4.5,1
131419,Heavy,1,3.0,1
138137,Heavy,1,3.5,1
36856,Heavy,1,5.0,1
42343,Heavy,1,3.0,1
64550,Heavy,1,5.0,1
63613,Heavy,1,3.0,1
23523,Heavy,1,3.0,1
129273,Heavy,1,0.5,1
75154,Heavy,1,3.5,1
21786,Heavy,1,4.0,1
124135,Heavy,1,3.0,1
8212,Heavy,1,4.0,1
75482,Heavy,1,3.0,1
150205,Heavy,1,3.0,1
72273,Heavy,1,3.5,1
130868,Heavy,1,3.0,1
139114,Heavy,1,3.5,1
28063,Heavy,1,4.0,1
25243,Heavy,1,5.0,1
88939,Heavy,1,3.0,1
50168,Heavy,1,5.0,1
61788,Heavy,1,4.0,1
81657,Heavy,1,4.5,1
12223,Heavy,1,3.0,1
46023,Heavy,1,1.5,1
17723,Heavy,1,3.0,1
32589,Heavy,1,4.0,1
44928,Heavy,1,4.0,1
70279,Heavy,1,4.0,1
155623,Heavy,1,3.0,1
17669,Heavy,1,3.5,1
32886,Heavy,1,4.0,1
68825,Heavy,1,5.0,1
11545,Heavy,1,4.0,1
79346,Heavy,2,1.25,2
46486,Heavy,1,3.5,1
88850,Heavy,1,3.0,1
132484,Heavy,1,4.0,1
57812,Heavy,1,5.0,1
22457,Heavy,1,1.0,1
11226,Heavy,1,3.5,1
46332,Heavy,1,4.0,1
9733,Heavy,1,4.0,1
5530,Heavy,1,1.0,1
2035,Heavy,1,3.5,1
124142,Heavy,1,5.0,1
77508,Heavy,1,3.5,1
81792,Heavy,1,3.5,1
49722,Heavy,1,1.0,1
136525,Heavy,1,3.0,1
155926,Heavy,1,2.5,1
10814,Heavy,1,5.0,1
63096,Heavy,1,5.0,1
116381,Heavy,1,3.0,1
65625,Heavy,1,4.0,1
158069,Heavy,1,3.0,1
20380,Heavy,1,5.0,1
91306,Heavy,1,4.0,1
2957,Heavy,1,3.0,1
49775,Heavy,1,5.0,1
104494,Heavy,2,1.75,2
142349,Heavy,1,3.0,1
148991,Heavy,1,4.0,1
104639,Heavy,1,3.5,1
36735,Heavy,1,3.0,1
65404,Heavy,1,4.5,1
142757,Heavy,1,2.0,1
47602,Heavy,1,4.0,1
144042,Heavy,1,3.0,1
108850,Heavy,1,1.0,1
426,Heavy,1,2.0,1
75969,Heavy,1,4.0,1
22316,Heavy,1,4.0,1
78138,Heavy,1,4.0,1
55073,Heavy,1,2.5,1
33589,Heavy,1,4.0,1
64920,Heavy,1,5.0,1
17683,Heavy,1,3.0,1
133772,Heavy,1,4.0,1
111901,Heavy,1,4.0,1
71446,Heavy,1,3.5,1
104218,Heavy,1,4.5,1
158267,Heavy,2,2.0,2
46101,Heavy,1,4.0,1
27457,Heavy,1,5.0,1
69153,Heavy,2,3.75,2
10529,Heavy,1,3.0,1
93615,Heavy,1,2.0,1
147205,Heavy,1,4.0,1
48957,Heavy,1,5.0,1
89131,Heavy,1,3.5,1
16648,Heavy,1,4.0,1
31326,Heavy,1,3.0,1
65831,Heavy,1,2.0,1
75251,Heavy,1,4.5,1
23396,Heavy,1,5.0,1
151705,Heavy,1,3.0,1
74987,Heavy,1,4.5,1
81500,Heavy,1,2.0,1
86402,Heavy,1,0.5,1
34290,Heavy,1,4.0,1
125387,Heavy,1,4.0,1
69778,Heavy,1,2.0,1
2389,Heavy,2,2.5,2
99736,Heavy,1,5.0,1
39565,Heavy,1,3.0,1
146345,Heavy,1,2.5,1
1455,Heavy,1,4.5,1
27857,Heavy,1,4.0,1
12362,Heavy,1,3.5,1
117912,Heavy,1,2.0,1
68313,Heavy,1,0.5,1
41056,Heavy,1,2.0,1
33263,Heavy,1,4.0,1
156669,Heavy,1,0.5,1
43012,Heavy,1,4.0,1
80976,Heavy,1,4.5,1
157309,Heavy,1,5.0,1
61686,Heavy,1,0.5,1
138835,Heavy,1,4.0,1
24713,Heavy,1,3.0,1
2951,Heavy,1,2.0,1
159070,Heavy,1,3.5,1
66193,Heavy,1,4.5,1
79154,Heavy,1,4.5,1
129204,Heavy,1,3.0,1
56968,Heavy,1,5.0,1
150358,Heavy,1,3.5,1
108911,Heavy,1,4.0,1
57569,Heavy,1,4.0,1
160422,Heavy,1,1.0,1
78231,Heavy,1,1.5,1
74211,Heavy,1,4.5,1
4222,Heavy,1,5.0,1
129764,Heavy,1,3.5,1
119393,Heavy,1,3.0,1
99602,Heavy,1,5.0,1
24356,Heavy,1,2.0,1
89307,Heavy,1,3.0,1
102148,Heavy,1,3.0,1
83030,Heavy,1,4.0,1
79534,Heavy,1,3.0,1
157781,Heavy,1,3.0,1
117515,Heavy,1,5.0,1
162291,Heavy,1,3.0,1
122216,Heavy,1,5.0,1
359,Heavy,1,4.0,1
66817,Heavy,1,3.5,1
10124,Heavy,1,2.0,1
82409,Heavy,1,3.5,1
88028,Heavy,1,4.5,1
133778,Heavy,1,4.0,1
50325,Heavy,1,5.0,1
118645,Heavy,1,4.0,1
11905,Heavy,1,3.0,1
62583,Heavy,1,3.0,1
74097,Heavy,1,4.0,1
102448,Heavy,1,0.5,1
65059,Heavy,1,2.0,1
31872,Heavy,1,3.5,1
49973,Heavy,1,3.0,1
39250,Heavy,1,4.5,1
24793,Heavy,1,2.5,1
49189,Heavy,1,4.5,1
56147,Heavy,1,4.0,1
155163,Heavy,1,4.0,1
6368,Heavy,2,3.5,2
141634,Heavy,1,5.0,1
40703,Heavy,1,3.0,1
67847,Heavy,1,4.0,1
36913,Heavy,1,3.5,1
105898,Heavy,1,4.0,1
90323,Heavy,1,2.5,1
16403,Heavy,1,4.0,1
76639,Heavy,1,3.5,1
145814,Heavy,1,5.0,1
90423,Heavy,1,4.0,1
118454,Heavy,1,4.0,1
53469,Heavy,1,4.5,1
23140,Heavy,1,2.0,1
106116,Heavy,1,3.5,1
115154,Heavy,1,1.5,1
17737,Heavy,1,4.0,1
73911,Heavy,1,4.0,1
57743,Heavy,1,3.5,1
86889,Heavy,1,1.5,1
60637,Heavy,1,4.5,1
39216,Heavy,1,4.0,1
51728,Heavy,1,5.0,1
100260,Heavy,1,2.0,1
21309,Heavy,1,4.0,1
21642,Heavy,1,5.0,1
12599,Heavy,1,4.0,1
15727,Heavy,1,5.0,1
144914,Heavy,1,5.0,1
35906,Heavy,1,3.5,1
23123,Heavy,1,3.5,1
25522,Heavy,1,3.0,1
92329,Heavy,1,3.5,1
160823,Heavy,1,4.0,1
16402,Heavy,1,3.0,1
112321,Heavy,1,3.5,1
75775,Heavy,1,4.5,1
158845,Heavy,1,3.5,1
43721,Heavy,1,4.0,1
85831,Heavy,1,3.5,1
19974,Heavy,1,4.0,1
31004,Heavy,1,4.5,1
45220,Heavy,1,1.0,1
74861,Heavy,1,2.0,1
101999,Heavy,1,4.5,1
64945,Heavy,1,3.0,1
80879,Heavy,1,2.0,1
122783,Heavy,1,5.0,1
18217,Heavy,1,4.0,1
144824,Heavy,1,5.0,1
122378,Heavy,1,2.0,1
66066,Heavy,1,4.0,1
91476,Heavy,1,3.0,1
6773,Heavy,1,2.0,1
87981,Heavy,1,5.0,1
68506,Heavy,1,3.0,1
162002,Heavy,1,5.0,1
34720,Heavy,1,3.0,1
139484,Heavy,1,3.0,1
72675,Heavy,1,4.0,1
7561,Heavy,1,3.0,1
105680,Heavy,1,4.5,1
134401,Heavy,1,1.0,1
98738,Heavy,1,4.0,1
54365,Heavy,1,4.0,1
79613,Heavy,1,1.0,1
47249,Heavy,1,4.5,1
69840,Heavy,1,2.0,1
130644,Heavy,1,4.0,1
116974,Heavy,1,1.0,1
91934,Heavy,1,4.0,1
19844,Heavy,1,2.0,1
117348,Heavy,1,2.0,1
81932,Heavy,1,5.0,1
79252,Heavy,1,5.0,1
86340,Heavy,1,4.0,1
45746,Heavy,1,1.5,1
32067,Heavy,1,3.0,1
99705,Heavy,1,5.0,1
153897,Heavy,1,1.0,1
42702,Heavy,1,5.0,1
67939,Heavy,1,4.0,1
38068,Heavy,1,2.0,1
35473,Heavy,1,5.0,1
12292,Heavy,1,4.0,1
130571,Heavy,1,3.5,1
19797,Heavy,1,4.0,1
7691,Heavy,1,4.0,1
29354,Heavy,1,3.0,1
116645,Heavy,1,3.5,1
82852,Heavy,2,1.75,2
92141,Heavy,1,2.0,1
133162,Heavy,1,5.0,1
83023,Heavy,1,3.5,1
121000,Heavy,1,3.5,1
42217,Heavy,1,4.0,1
81356,Heavy,1,4.5,1
76937,Heavy,1,5.0,1
81941,Heavy,1,3.5,1
105362,Heavy,1,3.0,1
59492,Heavy,1,5.0,1
27985,Heavy,1,3.5,1
20070,Heavy,1,3.5,1
16551,Heavy,1,3.0,1
95785,Heavy,1,4.0,1
20994,Heavy,1,3.5,1
139530,Heavy,1,5.0,1
114848,Heavy,1,4.0,1
160528,Heavy,1,4.0,1
44957,Heavy,1,4.0,1
20721,Heavy,1,5.0,1
17836,Heavy,1,1.5,1
26367,Heavy,1,5.0,1
78986,Heavy,1,4.0,1
62522,Heavy,1,1.0,1
78320,Heavy,1,3.5,1
48730,Heavy,1,4.0,1
77114,Heavy,1,5.0,1
128528,Heavy,1,2.5,1
54943,Heavy,1,3.0,1
15495,Heavy,1,4.5,1
46499,Heavy,1,1.0,1
70128,Heavy,1,3.0,1
68500,Heavy,1,5.0,1
17335,Heavy,1,4.0,1
26964,Heavy,1,3.0,1
77655,Heavy,1,3.5,1
56587,Heavy,1,1.5,1
60789,Heavy,1,5.0,1
83175,Heavy,1,2.0,1
38032,Heavy,1,4.0,1
93550,Heavy,1,2.0,1
75910,Heavy,1,4.5,1
142972,Heavy,1,4.0,1
50930,Heavy,1,2.5,1
135879,Heavy,1,4.0,1
6416,Heavy,1,3.0,1
132651,Heavy,1,5.0,1
118092,Heavy,1,4.5,1
55434,Heavy,1,3.5,1
45295,Heavy,1,3.0,1
21609,Heavy,1,3.0,1
120039,Heavy,1,3.0,1
45968,Heavy,1,2.0,1
59985,Heavy,1,4.5,1
108012,Heavy,1,2.0,1
90862,Heavy,1,3.0,1
27975,Heavy,1,3.5,1
88189,Heavy,1,2.0,1
113076,Heavy,1,5.0,1
124385,Heavy,1,3.5,1
124583,Heavy,1,4.0,1
2444,Heavy,1,4.0,1
74900,Heavy,1,3.0,1
159230,Heavy,1,4.5,1
1059,Heavy,1,4.0,1
162484,Heavy,1,2.0,1
67196,Heavy,2,2.5,2
40530,Heavy,1,3.5,1
71869,Heavy,1,3.0,1
12857,Heavy,3,2.0,3
14196,Heavy,1,5.0,1
11081,Heavy,1,3.0,1
78328,Heavy,1,4.5,1
127169,Heavy,1,4.0,1
7223,Heavy,1,4.0,1
28880,Heavy,1,2.5,1
136468,Heavy,1,5.0,1
46602,Heavy,1,4.0,1
3189,Heavy,1,4.5,1
76706,Heavy,1,4.0,1
156345,Heavy,1,3.0,1
81423,Heavy,1,4.0,1
24915,Heavy,1,2.5,1
94342,Heavy,1,5.0,1
1203,Heavy,1,3.0,1
89122,Heavy,1,2.0,1
73050,Heavy,1,2.5,1
109403,Heavy,1,3.5,1
58302,Heavy,1,4.0,1
137498,Heavy,1,4.5,1
116243,Heavy,1,5.0,1
89602,Heavy,1,3.5,1
6812,Heavy,1,2.0,1
76852,Heavy,1,3.0,1
19383,Heavy,1,5.0,1
79674,Heavy,1,3.0,1
76409,Heavy,1,5.0,1
67753,Heavy,1,4.0,1
24974,Heavy,1,3.0,1
67694,Heavy,1,3.5,1
4107,Heavy,1,5.0,1
64369,Heavy,1,4.0,1
144464,Heavy,1,5.0,1
30978,Heavy,1,4.5,1
67918,Heavy,1,4.0,1
152152,Heavy,1,2.5,1
16992,Heavy,1,1.5,1
142007,Heavy,1,0.5,1
65281,Heavy,1,4.5,1
47079,Heavy,1,4.0,1
31859,Heavy,1,3.5,1
155134,Heavy,1,5.0,1
11602,Heavy,1,5.0,1
82200,Heavy,1,4.5,1
53015,Heavy,1,2.5,1
79030,Heavy,1,3.5,1
138951,Heavy,1,5.0,1
22397,Heavy,1,4.5,1
52816,Heavy,1,3.5,1
55992,Heavy,1,1.0,1
7495,Heavy,1,3.0,1
59052,Heavy,1,0.5,1
99635,Heavy,1,4.0,1
49875,Heavy,1,5.0,1
116693,Heavy,1,5.0,1
60300,Heavy,1,1.5,1
69523,Heavy,2,1.75,2
73883,Heavy,1,3.5,1
71460,Heavy,1,3.5,1
37937,Heavy,1,2.5,1
131698,Heavy,1,3.0,1
116844,Heavy,1,5.0,1
64885,Heavy,1,1.0,1
15532,Heavy,1,4.5,1
15243,Heavy,1,3.0,1
64914,Heavy,1,4.0,1
63257,Heavy,1,3.0,1
157449,Heavy,1,2.0,1
54665,Heavy,1,4.5,1
65691,Heavy,2,4.5,2
55491,Heavy,1,5.0,1
45566,Heavy,1,2.5,1
115810,Heavy,1,3.0,1
71846,Heavy,1,2.0,1
24390,Heavy,1,4.0,1
72290,Heavy,1,1.0,1
132253,Heavy,1,4.0,1
44888,Heavy,1,3.0,1
119449,Heavy,1,4.0,1
28507,Heavy,1,3.0,1
62120,Heavy,1,0.5,1
34157,Heavy,2,4.25,2
116729,Heavy,1,5.0,1
15989,Heavy,1,3.0,1
31883,Heavy,1,5.0,1
23687,Heavy,1,4.0,1
146642,Heavy,1,5.0,1
92929,Heavy,1,3.5,1
84029,Heavy,1,4.5,1
37999,Heavy,1,3.5,1
106346,Heavy,1,3.0,1
64296,Heavy,1,0.5,1
28706,Heavy,1,1.5,1
45615,Heavy,1,2.0,1
52145,Heavy,1,4.0,1
146798,Heavy,1,3.5,1
112843,Heavy,1,3.0,1
22644,Heavy,1,2.5,1
57352,Heavy,1,3.0,1
49735,Heavy,1,4.0,1
18622,Heavy,1,0.5,1
59333,Heavy,1,4.0,1
54096,Heavy,1,4.0,1
5615,Heavy,1,3.5,1
72360,Heavy,1,3.5,1
20229,Heavy,1,3.0,1
4772,Heavy,1,5.0,1
38751,Heavy,1,4.0,1
162285,Heavy,1,4.5,1
18552,Heavy,1,3.0,1
65617,Heavy,1,4.0,1
75255,Heavy,1,3.0,1
149372,Heavy,1,5.0,1
23270,Heavy,1,5.0,1
35527,Heavy,1,3.0,1
32072,Heavy,1,2.5,1
6536,Heavy,1,2.5,1
97974,Heavy,1,4.0,1
58784,Heavy,1,5.0,1
16568,Heavy,1,2.0,1
17942,Heavy,1,3.5,1
130470,Heavy,1,4.5,1
87519,Heavy,1,1.5,1
65901,Heavy,1,5.0,1
80139,Heavy,1,2.5,1
135845,Heavy,1,5.0,1
79313,Heavy,1,5.0,1
79793,Heavy,1,4.5,1
92122,Heavy,1,3.0,1
121637,Heavy,1,3.0,1
135024,Heavy,1,4.0,1
152000,Heavy,1,4.5,1
53344,Heavy,1,4.0,1
12593,Heavy,1,5.0,1
25871,Heavy,1,4.0,1
138654,Heavy,1,1.5,1
97149,Heavy,1,4.0,1
42761,Heavy,1,5.0,1
55841,Heavy,1,3.0,1
128754,Heavy,1,5.0,1
156258,Heavy,1,2.0,1
33858,Heavy,1,4.0,1
4575,Heavy,2,0.75,2
136087,Heavy,1,4.5,1
8554,Heavy,1,2.0,1
37719,Heavy,1,4.0,1
136566,Heavy,1,4.0,1
113823,Heavy,1,5.0,1
58647,Heavy,1,4.0,1
80410,Heavy,1,4.5,1
51793,Heavy,1,3.5,1
50763,Heavy,1,5.0,1
138017,Heavy,1,5.0,1
99308,Heavy,1,4.0,1
61632,Heavy,1,3.0,1
137185,Heavy,1,4.0,1
68649,Heavy,1,3.0,1
154726,Heavy,1,5.0,1
74060,Heavy,1,4.0,1
3601,Heavy,1,4.5,1
20262,Heavy,1,3.0,1
54809,Heavy,1,3.0,1
62131,Heavy,1,4.0,1
18741,Heavy,1,5.0,1
132740,Heavy,1,2.0,1
8613,Heavy,1,5.0,1
58443,Heavy,1,4.0,1
81672,Heavy,1,4.0,1
35956,Heavy,1,3.0,1
38657,Heavy,1,5.0,1
47917,Heavy,1,2.0,1
90799,Heavy,1,4.0,1
112078,Heavy,1,3.0,1
48881,Heavy,1,3.5,1
26942,Heavy,1,5.0,1
7343,Heavy,1,3.5,1
107681,Heavy,1,4.5,1
84600,Heavy,1,4.5,1
124143,Heavy,1,4.0,1
37116,Heavy,1,3.0,1
38740,Heavy,1,5.0,1
99749,Heavy,2,3.5,2
34315,Heavy,1,1.5,1
67293,Heavy,1,4.5,1
36329,Heavy,1,3.5,1
1917,Heavy,1,4.0,1
8355,Heavy,1,1.0,1
121702,Heavy,1,4.5,1
71029,Heavy,1,4.5,1
25594,Heavy,1,4.0,1
100737,Heavy,1,4.0,1
111918,Heavy,1,4.5,1
54518,Heavy,1,2.0,1
93261,Heavy,1,3.0,1
103564,Heavy,1,1.0,1
19377,Heavy,1,5.0,1
82543,Heavy,1,5.0,1
116209,Heavy,1,4.0,1
118589,Heavy,1,3.0,1
120185,Heavy,1,3.0,1
82903,Heavy,1,4.0,1
133514,Heavy,1,4.0,1
57775,Heavy,2,4.5,2
56143,Heavy,1,5.0,1
104488,Heavy,1,5.0,1
40455,Heavy,1,3.0,1
110787,Heavy,1,3.5,1
136540,Heavy,1,3.5,1
71739,Heavy,1,5.0,1
101423,Heavy,1,4.5,1
15048,Heavy,1,4.5,1
75140,Heavy,2,3.75,2
122234,Heavy,1,5.0,1
102847,Heavy,1,1.0,1
132397,Heavy,1,4.0,1
84028,Heavy,1,4.0,1
109949,Heavy,1,4.5,1
12037,Heavy,1,3.0,1
18654,Heavy,1,5.0,1
93105,Heavy,1,5.0,1
78302,Heavy,1,3.0,1
17205,Heavy,1,4.0,1
60279,Heavy,1,5.0,1
121620,Heavy,1,3.0,1
41073,Heavy,1,2.5,1
69222,Heavy,1,4.5,1
15357,Heavy,1,3.0,1
77367,Heavy,1,2.5,1
39596,Heavy,1,4.0,1
69398,Heavy,1,4.0,1
16531,Heavy,2,4.0,2
55916,Heavy,1,4.0,1
46417,Heavy,1,2.0,1
134075,Heavy,1,2.0,1
52615,Heavy,1,2.0,1
131720,Heavy,1,3.5,1
11629,Heavy,1,4.5,1
34732,Heavy,1,3.5,1
59673,Heavy,1,5.0,1
129713,Heavy,1,5.0,1
125431,Heavy,1,4.0,1
26566,Heavy,1,5.0,1
27814,Heavy,1,1.5,1
36521,Heavy,1,4.5,1
87400,Heavy,1,3.5,1
984,Heavy,1,3.0,1
133987,Heavy,1,4.5,1
63484,Heavy,1,4.0,1
130130,Heavy,1,5.0,1
148984,Heavy,1,3.0,1
46424,Heavy,1,4.0,1
67375,Heavy,1,3.0,1
143099,Heavy,1,4.0,1
158686,Heavy,1,4.5,1
46197,Heavy,1,4.0,1
64715,Heavy,1,3.0,1
65599,Heavy,1,4.0,1
77870,Heavy,1,4.0,1
41538,Heavy,1,4.0,1
86197,Heavy,1,3.0,1
41662,Heavy,1,4.0,1
105907,Heavy,1,4.5,1
103660,Heavy,1,4.5,1
137169,Heavy,1,2.0,1
63522,Heavy,1,3.0,1
31122,Heavy,1,4.0,1
106435,Heavy,1,4.5,1
103884,Heavy,1,4.5,1
21805,Heavy,1,3.5,1
148906,Heavy,1,2.0,1
72601,Heavy,1,3.0,1
107487,Heavy,1,4.0,1
26214,Heavy,1,4.5,1
27357,Heavy,1,4.5,1
33189,Heavy,1,3.0,1
42281,Heavy,1,4.0,1
139625,Heavy,1,5.0,1
35740,Heavy,3,4.166666666666667,3
148928,Heavy,1,5.0,1
28414,Heavy,2,3.0,2
156526,Heavy,1,4.5,1
137264,Heavy,1,4.0,1
120666,Heavy,1,4.0,1
67228,Heavy,1,3.0,1
20688,Heavy,1,1.0,1
148789,Heavy,1,3.0,1
80260,Heavy,1,3.0,1
66678,Heavy,1,5.0,1
32371,Heavy,1,3.5,1
84691,Heavy,1,2.0,1
73789,Heavy,1,4.0,1
41581,Heavy,1,3.0,1
150293,Heavy,1,3.5,1
25652,Heavy,1,3.5,1
10987,Heavy,1,4.5,1
73300,Heavy,1,3.0,1
45357,Heavy,1,3.0,1
39716,Heavy,1,5.0,1
11712,Heavy,1,2.5,1
122071,Heavy,1,3.0,1
10764,Heavy,1,2.0,1
6988,Heavy,1,4.5,1
149554,Heavy,1,4.0,1
8732,Heavy,1,4.0,1
75868,Heavy,1,4.0,1
3053,Heavy,1,4.0,1
52538,Heavy,1,2.0,1
67541,Heavy,1,3.0,1
19647,Heavy,1,4.0,1
11701,Heavy,1,3.0,1
81778,Heavy,1,1.0,1
141185,Heavy,1,5.0,1
46497,Heavy,1,4.0,1
83981,Heavy,1,3.0,1
98262,Heavy,1,3.0,1
12663,Heavy,1,4.0,1
157686,Heavy,1,3.0,1
3768,Heavy,1,4.0,1
22402,Heavy,1,4.0,1
56359,Heavy,1,4.5,1
33195,Heavy,1,3.5,1
65370,Heavy,1,5.0,1
122634,Heavy,1,3.0,1
103199,Heavy,1,4.5,1
114206,Heavy,1,3.0,1
28432,Heavy,1,4.0,1
82571,Heavy,1,4.0,1
142854,Heavy,1,4.0,1
143626,Heavy,1,3.0,1
26785,Heavy,1,3.0,1
59977,Heavy,1,2.0,1
145644,Heavy,1,4.0,1
53093,Heavy,1,4.5,1
43928,Heavy,1,4.0,1
26939,Heavy,1,3.5,1
93053,Heavy,1,4.0,1
20928,Heavy,1,4.0,1
39085,Heavy,1,4.0,1
134747,Heavy,1,4.0,1
22893,Heavy,1,4.0,1
128657,Heavy,1,2.0,1
47572,Heavy,1,3.5,1
31383,Heavy,1,5.0,1
73236,Heavy,1,5.0,1
50370,Heavy,1,3.0,1
38957,Heavy,1,4.0,1
68063,Heavy,1,3.5,1
49530,Heavy,1,4.0,1
139448,Heavy,1,3.0,1
40258,Heavy,1,3.5,1
46871,Heavy,1,5.0,1
4915,Heavy,1,3.0,1
69644,Heavy,1,5.0,1
57133,Heavy,1,1.0,1
106567,Heavy,1,5.0,1
31255,Heavy,1,1.0,1
65497,Heavy,1,2.0,1
46352,Heavy,1,5.0,1
2806,Heavy,1,5.0,1
5234,Heavy,1,4.0,1
86122,Heavy,1,4.0,1
29222,Heavy,1,5.0,1
60044,Heavy,1,3.0,1
24763,Heavy,1,3.0,1
48185,Heavy,1,3.0,1
85384,Heavy,1,4.5,1
126658,Heavy,1,0.5,1
142538,Heavy,1,4.0,1
159030,Heavy,1,4.5,1
2972,Heavy,1,3.0,1
33915,Heavy,1,5.0,1
72550,Heavy,1,4.0,1
153730,Heavy,1,4.5,1
1189,Heavy,1,3.0,1
158347,Heavy,1,3.0,1
33609,Heavy,1,3.0,1
88987,Heavy,1,5.0,1
45437,Heavy,1,3.0,1
31412,Heavy,1,4.0,1
63799,Heavy,1,4.0,1
122956,Heavy,1,3.0,1
143037,Heavy,1,3.0,1
4250,Heavy,1,3.0,1
26719,Heavy,1,3.0,1
57105,Heavy,1,4.0,1
141976,Heavy,1,4.0,1
143301,Heavy,1,5.0,1
141535,Heavy,1,4.0,1
118157,Heavy,1,3.5,1
6250,Heavy,1,4.5,1
161675,Heavy,1,3.0,1
676,Heavy,1,4.0,1
75665,Heavy,1,3.0,1
105594,Heavy,1,3.0,1
91951,Heavy,2,4.75,2
66244,Heavy,1,1.5,1
44098,Heavy,1,2.0,1
26741,Heavy,1,3.0,1
149137,Heavy,1,2.0,1
160103,Heavy,1,2.0,1
64224,Heavy,1,4.0,1
40636,Heavy,1,1.0,1
116945,Heavy,1,4.0,1
34352,Heavy,1,3.0,1
40544,Heavy,1,3.5,1
4602,Heavy,1,3.5,1
60195,Heavy,1,3.5,1
18869,Heavy,1,4.0,1
51967,Heavy,1,2.0,1
7909,Heavy,1,3.5,1
27929,Heavy,1,3.5,1
91409,Heavy,1,4.0,1
22335,Heavy,1,3.5,1
4023,Heavy,2,4.5,2
59486,Heavy,1,4.5,1
14890,Heavy,1,5.0,1
59219,Heavy,1,4.5,1
89229,Heavy,2,4.75,2
110019,Heavy,1,3.0,1
50868,Heavy,1,4.0,1
117173,Heavy,1,4.0,1
160790,Heavy,1,4.0,1
9505,Heavy,1,5.0,1
114432,Heavy,1,4.0,1
63682,Heavy,1,3.5,1
151214,Heavy,1,3.0,1
128706,Heavy,1,0.5,1
150842,Heavy,1,5.0,1
75669,Heavy,1,4.0,1
156903,Heavy,1,3.5,1
20095,Heavy,1,2.5,1
161718,Heavy,1,4.5,1
130416,Heavy,1,1.0,1
71707,Heavy,1,3.0,1
100324,Heavy,1,3.5,1
45713,Heavy,1,3.0,1
80668,Heavy,1,2.5,1
89679,Heavy,1,1.0,1
80515,Heavy,1,4.5,1
93257,Heavy,1,3.0,1
18326,Heavy,1,4.0,1
660,Heavy,1,3.5,1
85694,Heavy,1,2.5,1
14244,Heavy,1,2.0,1
13593,Heavy,1,3.0,1
89147,Heavy,1,4.0,1
154370,Heavy,1,2.5,1
68280,Heavy,1,4.0,1
162364,Heavy,1,3.0,1
38210,Heavy,1,3.5,1
90577,Heavy,1,1.5,1
39707,Heavy,1,3.0,1
134011,Heavy,1,4.0,1
17433,Heavy,1,3.0,1
136068,Heavy,1,4.0,1
80286,Heavy,1,4.0,1
41123,Heavy,1,4.0,1
18168,Heavy,1,4.0,1
77805,Heavy,1,3.0,1
156025,Heavy,1,4.0,1
81456,Heavy,1,1.0,1
1167,Heavy,1,5.0,1
159206,Heavy,1,5.0,1
139255,Heavy,1,3.0,1
28080,Heavy,1,5.0,1
24522,Heavy,1,4.0,1
98552,Heavy,1,3.5,1
64670,Heavy,1,3.5,1
34158,Heavy,1,3.0,1
90488,Heavy,1,5.0,1
130335,Heavy,1,1.5,1
44649,Heavy,1,5.0,1
32683,Heavy,1,3.5,1
68211,Heavy,1,3.5,1
16774,Heavy,1,2.0,1
157287,Heavy,1,4.0,1
121834,Heavy,1,4.0,1
83699,Heavy,1,4.0,1
82179,Heavy,1,3.5,1
57704,Heavy,1,2.0,1
123408,Heavy,1,4.5,1
39865,Heavy,1,4.0,1
40630,Heavy,1,4.0,1
13213,Heavy,1,3.0,1
43631,Heavy,1,3.0,1
123781,Heavy,1,4.0,1
17416,Heavy,1,3.5,1
24668,Heavy,1,3.5,1
259,Heavy,1,3.0,1
15511,Heavy,1,3.0,1
84788,Heavy,1,4.0,1
36743,Heavy,1,5.0,1
3113,Heavy,1,4.0,1
59730,Heavy,1,3.0,1
51750,Heavy,1,5.0,1
1761,Heavy,1,2.5,1
125633,Heavy,1,4.0,1
118367,Heavy,1,3.0,1
111195,Heavy,1,4.0,1
134002,Heavy,1,3.5,1
46687,Heavy,1,5.0,1
20117,Heavy,1,3.0,1
134307,Heavy,1,2.0,1
118665,Heavy,1,3.5,1
21509,Heavy,1,1.5,1
83960,Heavy,1,4.5,1
106572,Heavy,1,2.5,1
2344,Heavy,1,4.0,1
14896,Heavy,1,4.0,1
992,Heavy,1,4.0,1
78602,Heavy,1,3.0,1
150914,Heavy,1,4.0,1
63516,Heavy,1,4.0,1
45535,Heavy,1,3.0,1
52469,Heavy,1,4.0,1
2660,Heavy,1,4.5,1
3174,Heavy,1,5.0,1
131818,Heavy,1,4.0,1
141110,Heavy,1,4.0,1
141617,Heavy,1,3.0,1
152933,Heavy,1,3.0,1
101877,Heavy,1,4.5,1
61678,Heavy,1,3.5,1
44998,Heavy,1,2.0,1
86572,Heavy,1,4.0,1
15442,Heavy,1,4.0,1
55101,Heavy,1,4.0,1
72840,Heavy,1,3.5,1
1089,Heavy,2,3.5,2
106820,Heavy,1,4.0,1
2728,Heavy,1,5.0,1
69899,Heavy,1,2.0,1
38496,Heavy,1,4.0,1
95362,Heavy,1,4.0,1
66015,Heavy,1,5.0,1
4896,Heavy,1,4.5,1
32823,Heavy,1,5.0,1
129005,Heavy,1,4.0,1
22312,Heavy,1,4.0,1
77619,Heavy,1,4.0,1
48216,Heavy,1,3.0,1
30790,Heavy,1,3.0,1
927,Heavy,1,4.0,1
156000,Heavy,1,4.5,1
59032,Heavy,1,1.5,1
110115,Heavy,1,4.5,1
31272,Heavy,1,3.5,1
38371,Heavy,1,4.0,1
108787,Heavy,1,4.0,1
87485,Heavy,1,3.0,1
39353,Heavy,1,4.5,1
63136,Heavy,1,4.5,1
46335,Heavy,1,5.0,1
124757,Heavy,1,3.5,1
40102,Heavy,1,4.0,1
5489,Heavy,1,5.0,1
66524,Heavy,1,3.0,1
28481,Heavy,1,5.0,1
41619,Heavy,1,5.0,1
75356,Heavy,1,3.5,1
66967,Heavy,1,4.5,1
57771,Heavy,1,3.5,1
135380,Heavy,1,4.0,1
162245,Heavy,1,3.5,1
16937,Heavy,1,4.0,1
55993,Heavy,1,5.0,1
75760,Heavy,1,2.5,1
89825,Heavy,1,5.0,1
37384,Heavy,1,3.0,1
47157,Heavy,1,5.0,1
103256,Heavy,1,4.0,1
78643,Heavy,1,4.0,1
66960,Heavy,1,4.5,1
67623,Heavy,1,3.0,1
25703,Heavy,1,3.5,1
101046,Heavy,1,4.0,1
67872,Heavy,1,3.5,1
78273,Heavy,1,4.0,1
156072,Heavy,1,2.0,1
149267,Heavy,1,5.0,1
19900,Heavy,1,5.0,1
16115,Heavy,1,3.0,1
66847,Heavy,1,4.0,1
104653,Heavy,1,4.0,1
130621,Heavy,1,3.0,1
63491,Heavy,1,3.5,1
84224,Heavy,1,3.0,1
27283,Heavy,1,3.0,1
128300,Heavy,1,4.0,1
8723,Heavy,1,5.0,1
11430,Heavy,1,2.0,1
159874,Heavy,1,1.0,1
75582,Heavy,1,3.0,1
34514,Heavy,1,5.0,1
123904,Heavy,1,1.5,1
14205,Heavy,1,4.5,1
11881,Heavy,1,4.0,1
94154,Heavy,1,3.0,1
20634,Heavy,1,4.5,1
124522,Heavy,1,4.0,1
18894,Heavy,1,2.0,1
122757,Heavy,1,3.0,1
56526,Heavy,1,1.0,1
113805,Heavy,1,4.0,1
93792,Heavy,1,3.5,1
105044,Heavy,1,3.0,1
144649,Heavy,2,1.5,2
48832,Heavy,1,3.0,1
64379,Heavy,1,4.0,1
1598,Heavy,1,4.5,1
47754,Heavy,1,4.0,1
88529,Heavy,1,4.0,1
114984,Heavy,1,3.5,1
62798,Heavy,1,5.0,1
1451,Heavy,1,4.5,1
31729,Heavy,1,3.0,1
80797,Heavy,1,2.5,1
2437,Heavy,1,3.0,1
8244,Heavy,1,4.0,1
26176,Heavy,1,4.5,1
103741,Heavy,1,3.0,1
8907,Heavy,1,4.5,1
152194,Heavy,1,3.0,1
11005,Heavy,1,4.0,1
78017,Heavy,1,4.0,1
135930,Heavy,1,5.0,1
52570,Heavy,1,4.0,1
21134,Heavy,1,3.5,1
40352,Heavy,1,4.5,1
62232,Heavy,1,3.0,1
160711,Heavy,1,4.0,1
90076,Heavy,1,5.0,1
79991,Heavy,1,4.5,1
144413,Heavy,1,3.0,1
6343,Heavy,1,4.0,1
49051,Heavy,1,4.0,1
152890,Heavy,1,4.0,1
20833,Heavy,1,5.0,1
11187,Heavy,1,4.5,1
41284,Heavy,1,3.5,1
139706,Heavy,1,4.5,1
25144,Heavy,1,3.0,1
3388,Heavy,1,4.0,1
52051,Heavy,1,2.0,1
105632,Heavy,1,3.0,1
3964,Heavy,1,3.0,1
85962,Heavy,1,4.5,1
143760,Heavy,1,1.0,1
9156,Heavy,1,2.0,1
160187,Heavy,1,4.0,1
66057,Heavy,1,3.5,1
100972,Heavy,1,4.0,1
47303,Heavy,1,5.0,1
54076,Heavy,1,3.5,1
162481,Heavy,1,2.0,1
47215,Heavy,1,4.5,1
28122,Heavy,1,4.5,1
110783,Heavy,1,4.0,1
92382,Heavy,1,4.5,1
114573,Heavy,1,3.5,1
150395,Heavy,1,3.0,1
148902,Heavy,1,4.5,1
87160,Heavy,1,4.0,1
52533,Heavy,1,4.0,1
82622,Heavy,1,3.5,1
58777,Heavy,1,2.0,1
46952,Heavy,1,4.5,1
160070,Heavy,1,2.0,1
139531,Heavy,1,3.5,1
86448,Heavy,1,3.0,1
107826,Heavy,1,4.0,1
106963,Heavy,1,2.5,1
61953,Heavy,1,4.0,1
74018,Heavy,1,4.0,1
23048,Heavy,1,4.5,1
36433,Heavy,1,4.5,1
28625,Heavy,1,2.5,1
105791,Heavy,1,4.0,1
9448,Heavy,1,2.0,1
99726,Heavy,1,3.0,1
123183,Heavy,1,3.5,1
96088,Heavy,1,4.0,1
34454,Heavy,1,1.0,1
36575,Heavy,1,4.0,1
6401,Heavy,1,4.0,1
153586,Heavy,1,5.0,1
70871,Heavy,1,4.0,1
73281,Heavy,1,4.0,1
129036,Heavy,1,5.0,1
74997,Heavy,1,3.0,1
81145,Heavy,1,2.0,1
39804,Heavy,1,4.5,1
94302,Heavy,1,2.0,1
42958,Heavy,1,4.5,1
117358,Heavy,1,3.5,1
13599,Heavy,1,4.0,1
69274,Heavy,1,4.5,1
74644,Heavy,1,4.5,1
103532,Heavy,1,4.0,1
94372,Heavy,1,5.0,1
78345,Heavy,1,5.0,1
25983,Heavy,1,3.5,1
26812,Heavy,1,4.0,1
32511,Heavy,1,4.0,1
16362,Heavy,1,3.0,1
132830,Heavy,1,3.0,1
109820,Heavy,1,3.0,1
66468,Heavy,1,5.0,1
118482,Heavy,1,3.0,1
23000,Heavy,1,5.0,1
142700,Heavy,1,5.0,1
20716,Heavy,1,4.0,1
17695,Heavy,1,1.0,1
149456,Heavy,1,5.0,1
92706,Heavy,1,5.0,1
105613,Heavy,1,1.0,1
81741,Heavy,1,4.5,1
57310,Heavy,1,4.0,1
3879,Heavy,1,2.5,1
155509,Heavy,1,4.0,1
55036,Heavy,1,4.0,1
41014,Heavy,1,3.0,1
12895,Heavy,1,4.0,1
44670,Heavy,1,4.0,1
108386,Heavy,1,4.5,1
31173,Heavy,2,3.5,2
72303,Heavy,1,4.0,1
36363,Heavy,1,3.0,1
25718,Heavy,1,4.0,1
41317,Heavy,1,3.0,1
116019,Heavy,1,4.5,1
122391,Heavy,1,4.0,1
123398,Heavy,1,5.0,1
115254,Heavy,1,3.5,1
85393,Heavy,1,5.0,1
16381,Heavy,1,3.0,1
103383,Heavy,1,3.0,1
102578,Heavy,1,4.5,1
152823,Heavy,1,4.0,1
159411,Heavy,1,2.5,1
86057,Heavy,1,5.0,1
22512,Heavy,1,3.0,1
61528,Heavy,1,3.0,1
56944,Heavy,1,3.0,1
82707,Heavy,1,3.5,1
149073,Heavy,1,3.0,1
66125,Heavy,1,2.0,1
7069,Heavy,1,4.0,1
55016,Heavy,1,2.5,1
21259,Heavy,1,3.5,1
94575,Heavy,1,4.0,1
13226,Heavy,1,4.0,1
13391,Heavy,1,4.0,1
99479,Heavy,1,3.0,1
51851,Heavy,1,0.5,1
115030,Heavy,1,3.0,1
109435,Heavy,1,3.5,1
75783,Heavy,1,4.0,1
146058,Heavy,1,4.0,1
110432,Heavy,1,4.5,1
72609,Heavy,1,4.0,1
15408,Heavy,1,2.5,1
24156,Heavy,1,3.5,1
10242,Heavy,1,2.0,1
64159,Heavy,1,3.5,1
107650,Heavy,1,2.5,1
32444,Heavy,1,4.0,1
19279,Heavy,1,4.0,1
80919,Heavy,1,4.0,1
122445,Heavy,1,5.0,1
152587,Heavy,1,2.0,1
83600,Heavy,1,3.5,1
36187,Heavy,1,5.0,1
22272,Heavy,1,0.5,1
30768,Heavy,1,4.0,1
78057,Heavy,1,3.5,1
54684,Heavy,2,4.0,2
79250,Heavy,1,3.5,1
41075,Heavy,1,4.0,1
19983,Heavy,1,3.5,1
49251,Heavy,1,4.0,1
66089,Heavy,1,4.5,1
49609,Heavy,1,3.5,1
48600,Heavy,1,4.0,1
58683,Heavy,1,4.5,1
18108,Heavy,1,5.0,1
81142,Heavy,1,2.0,1
71275,Heavy,1,3.0,1
17057,Heavy,1,4.0,1
45355,Heavy,1,2.0,1
79539,Heavy,1,2.0,1
19207,Heavy,1,4.5,1
111451,Heavy,1,5.0,1
44389,Heavy,1,4.5,1
146681,Heavy,1,3.5,1
76230,Heavy,1,3.0,1
29953,Heavy,1,4.5,1
124345,Heavy,1,4.0,1
76767,Heavy,1,3.0,1
104694,Heavy,1,2.0,1
135550,Heavy,1,3.0,1
24784,Heavy,1,4.0,1
90518,Heavy,1,3.5,1
64808,Heavy,1,3.0,1
70523,Heavy,1,3.5,1
49373,Heavy,1,4.0,1
121450,Heavy,1,2.0,1
65821,Heavy,1,4.0,1
56879,Heavy,1,2.5,1
111871,Heavy,1,3.0,1
3274,Heavy,1,3.0,1
98411,Heavy,1,2.5,1
85290,Heavy,1,4.0,1
36493,Heavy,1,5.0,1
48667,Heavy,1,5.0,1
29996,Heavy,1,2.5,1
3250,Heavy,1,3.5,1
113650,Heavy,1,4.0,1
28399,Heavy,1,3.5,1
129305,Heavy,1,4.0,1
72011,Heavy,1,2.0,1
31304,Heavy,1,3.5,1
24240,Heavy,1,5.0,1
42041,Heavy,1,4.0,1
125532,Heavy,1,4.5,1
37935,Heavy,1,5.0,1
19403,Heavy,1,2.0,1
84741,Heavy,1,3.0,1
136662,Heavy,1,3.5,1
123249,Heavy,1,2.5,1
78091,Heavy,1,2.5,1
2166,Heavy,1,4.0,1
152159,Heavy,1,5.0,1
11879,Heavy,1,4.0,1
104086,Heavy,1,4.0,1
160722,Heavy,1,4.5,1
141777,Heavy,1,4.0,1
53248,Heavy,1,4.0,1
19463,Heavy,1,3.5,1
33117,Heavy,1,3.5,1
112928,Heavy,1,2.5,1
83025,Heavy,1,3.0,1
12090,Heavy,1,4.5,1
105939,Heavy,1,3.5,1
133865,Heavy,1,3.0,1
59679,Heavy,1,4.0,1
133495,Heavy,1,2.0,1
124137,Heavy,1,4.5,1
66656,Heavy,1,1.5,1
118070,Heavy,1,4.0,1
66311,Heavy,1,3.0,1
12274,Heavy,1,3.0,1
59131,Heavy,1,3.0,1
82718,Heavy,1,4.0,1
111352,Heavy,1,5.0,1
19837,Heavy,1,4.0,1
49472,Heavy,1,2.5,1
137087,Heavy,1,3.0,1
154685,Heavy,1,4.0,1
160415,Heavy,1,5.0,1
150320,Heavy,1,5.0,1
39046,Heavy,1,3.5,1
5463,Heavy,1,3.0,1
35213,Heavy,1,5.0,1
89728,Heavy,1,5.0,1
134561,Heavy,1,3.0,1
158384,Heavy,1,3.0,1
66722,Heavy,1,4.5,1
123522,Heavy,1,5.0,1
79153,Heavy,1,4.5,1
28171,Heavy,1,3.0,1
80064,Heavy,1,4.0,1
137814,Heavy,1,3.0,1
150878,Heavy,1,3.5,1
133480,Heavy,1,5.0,1
83335,Heavy,1,3.0,1
90126,Heavy,1,4.0,1
21195,Heavy,1,5.0,1
159551,Heavy,1,3.5,1
128777,Heavy,1,5.0,1
46694,Heavy,1,3.5,1
35909,Heavy,1,4.0,1
10349,Heavy,1,3.0,1
10498,Heavy,1,4.0,1
40566,Heavy,1,4.5,1
153105,Heavy,1,4.0,1
1899,Heavy,1,3.0,1
29749,Heavy,1,3.0,1
86587,Heavy,1,3.0,1
7326,Heavy,1,4.0,1
65270,Heavy,1,4.5,1
40996,Heavy,1,3.0,1
33294,Heavy,1,2.5,1
62744,Heavy,1,3.0,1
36389,Heavy,1,3.5,1
18315,Heavy,1,3.5,1
116539,Heavy,1,1.0,1
103222,Heavy,1,2.0,1
13400,Heavy,1,4.0,1
36491,Heavy,1,5.0,1
67205,Heavy,1,4.0,1
68006,Heavy,1,1.0,1
53435,Heavy,1,3.0,1
8132,Heavy,1,2.0,1
153722,Heavy,1,4.0,1
114399,Heavy,1,5.0,1
67224,Heavy,1,3.0,1
110663,Heavy,1,3.0,1
36925,Heavy,1,5.0,1
40153,Heavy,1,4.5,1
157901,Heavy,1,2.0,1
41098,Heavy,1,3.5,1
63626,Heavy,1,4.5,1
74484,Heavy,1,4.0,1
60143,Heavy,1,5.0,1
148555,Heavy,1,3.0,1
9958,Heavy,1,2.0,1
116803,Heavy,1,3.5,1
2219,Heavy,1,4.0,1
6959,Heavy,1,3.5,1
143936,Heavy,1,4.5,1
105155,Heavy,1,3.0,1
1684,Heavy,1,3.0,1
52805,Heavy,1,1.0,1
69883,Heavy,1,3.0,1
34601,Heavy,1,5.0,1
111028,Heavy,1,4.5,1
83150,Heavy,1,5.0,1
138128,Heavy,1,3.0,1
52736,Heavy,1,4.0,1
16159,Heavy,1,4.0,1
132719,Heavy,1,4.0,1
9732,Heavy,1,3.0,1
57977,Heavy,1,4.0,1
21502,Heavy,1,3.0,1
30394,Heavy,1,4.0,1
38789,Heavy,1,4.0,1
63124,Heavy,1,5.0,1
130958,Heavy,1,3.0,1
106648,Heavy,1,3.0,1
61571,Heavy,1,3.0,1
77063,Heavy,1,4.0,1
54473,Heavy,1,4.0,1
75272,Heavy,1,4.5,1
23941,Heavy,1,1.0,1
69980,Heavy,1,4.0,1
134255,Heavy,1,2.0,1
121750,Heavy,1,3.0,1
49329,Heavy,1,3.5,1
103338,Heavy,1,4.5,1
56965,Heavy,1,4.0,1
92857,Heavy,1,4.0,1
44467,Heavy,1,3.0,1
51158,Heavy,1,4.0,1
101821,Heavy,1,4.0,1
66426,Heavy,1,5.0,1
158543,Heavy,1,4.0,1
29915,Heavy,1,5.0,1
32746,Heavy,1,4.0,1
9595,Heavy,1,5.0,1
23631,Heavy,1,4.0,1
8718,Heavy,1,3.5,1
89686,Heavy,1,3.5,1
124968,Heavy,1,5.0,1
91940,Heavy,1,5.0,1
57752,Heavy,1,5.0,1
66315,Heavy,1,4.0,1
62015,Heavy,1,5.0,1
66829,Heavy,1,2.0,1
7155,Heavy,1,4.5,1
78835,Heavy,1,1.0,1
103680,Heavy,1,2.5,1
99735,Heavy,1,4.0,1
31897,Heavy,1,2.0,1
37412,Heavy,1,4.0,1
16522,Heavy,1,1.0,1
154803,Heavy,1,3.0,1
125823,Heavy,1,4.5,1
125708,Heavy,1,3.5,1
88086,Heavy,1,3.5,1
24994,Heavy,1,3.0,1
147078,Heavy,1,4.0,1
161383,Heavy,1,4.0,1
122508,Heavy,1,4.0,1
52358,Heavy,1,3.5,1
9096,Heavy,1,3.0,1
109804,Heavy,1,3.5,1
82191,Heavy,1,4.0,1
71921,Heavy,1,3.5,1
108165,Heavy,1,4.0,1
136772,Heavy,1,5.0,1
146056,Heavy,1,4.0,1
61548,Heavy,1,4.0,1
48683,Heavy,1,5.0,1
16250,Heavy,1,5.0,1
70107,Heavy,1,5.0,1
17856,Heavy,1,2.0,1
12160,Heavy,1,2.0,1
5347,Heavy,1,3.0,1
34691,Heavy,1,4.0,1
91889,Heavy,1,3.5,1
72729,Heavy,1,4.0,1
98531,Heavy,1,3.0,1
107568,Heavy,1,4.0,1
66413,Heavy,1,4.0,1
49001,Heavy,1,4.5,1
155130,Heavy,1,5.0,1
93992,Heavy,1,5.0,1
84677,Heavy,1,4.0,1
80902,Heavy,1,4.5,1
5402,Heavy,1,4.0,1
141175,Heavy,1,3.0,1
128826,Heavy,1,5.0,1
58009,Heavy,1,4.0,1
11449,Heavy,1,4.0,1
114146,Heavy,1,3.0,1
2464,Heavy,1,5.0,1
93570,Heavy,1,3.5,1
142301,Heavy,1,4.0,1
34257,Heavy,1,4.0,1
57868,Heavy,1,5.0,1
94981,Heavy,1,4.0,1
32564,Heavy,1,0.5,1
60272,Heavy,1,4.5,1
52622,Heavy,1,5.0,1
86620,Heavy,1,1.5,1
6231,Heavy,1,4.0,1
66268,Heavy,1,3.0,1
144964,Heavy,1,1.0,1
131816,Heavy,1,3.0,1
27598,Heavy,1,4.0,1
8528,Heavy,1,3.5,1
6027,Heavy,1,5.0,1
60607,Heavy,1,5.0,1
50335,Heavy,1,1.0,1
99962,Heavy,1,4.0,1
56451,Heavy,1,2.0,1
61416,Heavy,1,4.5,1
85563,Heavy,1,1.0,1
28546,Heavy,1,0.5,1
94887,Heavy,1,5.0,1
123579,Heavy,1,3.0,1
12439,Heavy,1,3.5,1
111247,Heavy,1,1.0,1
29737,Heavy,1,4.0,1
66354,Heavy,1,3.0,1
59265,Heavy,1,5.0,1
5016,Heavy,1,4.5,1
21181,Heavy,1,4.0,1
39027,Heavy,1,3.5,1
46665,Heavy,1,4.0,1
7030,Heavy,1,4.0,1
38881,Heavy,1,5.0,1
95151,Heavy,1,4.0,1
158733,Heavy,1,5.0,1
62280,Heavy,1,2.0,1
75253,Heavy,1,3.0,1
7972,Heavy,1,4.0,1
1772,Heavy,1,2.5,1
47442,Heavy,1,3.5,1
47158,Heavy,1,5.0,1
43598,Heavy,1,3.0,1
147509,Heavy,1,1.5,1
27437,Heavy,1,4.0,1
2775,Heavy,1,4.0,1
55535,Heavy,1,3.0,1
86012,Heavy,1,3.0,1
81957,Heavy,1,1.0,1
13529,Heavy,1,5.0,1
134439,Heavy,1,3.0,1
29801,Heavy,1,4.5,1
35372,Heavy,1,2.0,1
85394,Heavy,1,4.0,1
40123,Heavy,1,3.0,1
32689,Heavy,1,4.0,1
140157,Heavy,1,4.0,1
126419,Heavy,1,1.0,1
7798,Heavy,1,3.0,1
137166,Heavy,1,3.0,1
14749,Heavy,1,5.0,1
23885,Heavy,1,2.0,1
72578,Heavy,1,3.5,1
161163,Heavy,1,3.5,1
129870,Heavy,1,4.0,1
70397,Heavy,1,3.0,1
60513,Heavy,1,2.0,1
129922,Heavy,1,4.5,1
64443,Heavy,1,2.0,1
18035,Heavy,1,1.5,1
27825,Heavy,1,2.0,1
34936,Heavy,1,4.5,1
69174,Heavy,1,4.0,1
138633,Heavy,1,3.5,1
159870,Heavy,1,5.0,1
9855,Heavy,1,4.0,1
67050,Heavy,1,3.5,1
110525,Heavy,1,4.0,1
157982,Heavy,1,3.5,1
160261,Heavy,1,3.0,1
48908,Heavy,1,5.0,1
53999,Heavy,1,4.5,1
87959,Heavy,1,2.5,1
42132,Heavy,1,4.0,1
73854,Heavy,1,5.0,1
99591,Heavy,1,2.0,1
145457,Heavy,1,5.0,1
96947,Heavy,1,3.0,1
22058,Heavy,1,3.0,1
144505,Heavy,1,5.0,1
30386,Heavy,1,3.5,1
93495,Heavy,1,3.0,1
61348,Heavy,1,3.0,1
94597,Heavy,1,2.5,1
132811,Heavy,1,3.0,1
34636,Heavy,1,3.0,1
37667,Heavy,1,3.5,1
3711,Heavy,1,5.0,1
18828,Heavy,1,2.5,1
77287,Heavy,1,5.0,1
58123,Heavy,1,4.0,1
55062,Heavy,1,2.5,1
158081,Heavy,1,2.0,1
155350,Heavy,1,2.5,1
124871,Heavy,1,3.0,1
66362,Heavy,1,4.0,1
8323,Heavy,1,5.0,1
45090,Heavy,1,4.0,1
44165,Heavy,1,4.0,1
95196,Heavy,1,4.0,1
41116,Heavy,1,3.5,1
10168,Heavy,1,5.0,1
134970,Heavy,1,3.5,1
31087,Heavy,1,4.0,1
106851,Heavy,1,5.0,1
53663,Heavy,1,3.0,1
6373,Heavy,1,3.0,1
60613,Heavy,1,4.0,1
3066,Heavy,1,2.0,1
24731,Heavy,1,3.0,1
